2026-06-01 09:00:38,440 [INFO] ============================================================
2026-06-01 09:00:38,440 [INFO] HARTS Event Scout starting — 2026-06-01
2026-06-01 09:00:38,440 [INFO] ============================================================
2026-06-01 09:00:38,440 [INFO] PHASE 1 — Discovering URLs across 50 queries …
2026-06-01 09:00:38,441 [WARNING] Impersonate 'safari_17.5' does not exist, using 'random'
2026-06-01 09:00:38,448 [INFO]   Query 01/50: GCC Global Capability Center conference 2025 India
2026-06-01 09:00:38,570 [INFO] response: https://duckduckgo.com/ 202
2026-06-01 09:00:38,571 [WARNING]   Search failed for 'GCC Global Capability Center conference 2025 India': https://duckduckgo.com/ 202 Ratelimit
2026-06-01 09:00:40,071 [INFO]   Query 02/50: Global Capability Center summit leadership 2025
2026-06-01 09:00:40,071 [WARNING]   Search failed for 'Global Capability Center summit leadership 2025': Exception occurred in previous call.
2026-06-01 09:00:41,572 [INFO]   Query 03/50: NASSCOM GCC summit 2025
2026-06-01 09:00:41,572 [WARNING]   Search failed for 'NASSCOM GCC summit 2025': Exception occurred in previous call.
2026-06-01 09:00:43,072 [INFO]   Query 04/50: Shared Services conference summit 2025
2026-06-01 09:00:43,072 [WARNING]   Search failed for 'Shared Services conference summit 2025': Exception occurred in previous call.
2026-06-01 09:00:44,572 [INFO]   Query 05/50: SSON Shared Services excellence conference 2025
2026-06-01 09:00:44,572 [WARNING]   Search failed for 'SSON Shared Services excellence conference 2025': Exception occurred in previous call.
2026-06-01 09:00:46,073 [INFO]   Query 06/50: Global Business Services GBS summit 2025
2026-06-01 09:00:46,073 [WARNING]   Search failed for 'Global Business Services GBS summit 2025': Exception occurred in previous call.
2026-06-01 09:00:47,573 [INFO]   Query 07/50: GCC operating model strategy forum 2025
2026-06-01 09:00:47,573 [WARNING]   Search failed for 'GCC operating model strategy forum 2025': Exception occurred in previous call.
2026-06-01 09:00:49,073 [INFO]   Query 08/50: Global In-house Center conference India 2025
2026-06-01 09:00:49,074 [WARNING]   Search failed for 'Global In-house Center conference India 2025': Exception occurred in previous call.
2026-06-01 09:00:50,574 [INFO]   Query 09/50: GCC scaling leadership forum Asia 2025
2026-06-01 09:00:50,574 [WARNING]   Search failed for 'GCC scaling leadership forum Asia 2025': Exception occurred in previous call.
2026-06-01 09:00:52,074 [INFO]   Query 10/50: Shared Services transformation conference 2025
2026-06-01 09:00:52,074 [WARNING]   Search failed for 'Shared Services transformation conference 2025': Exception occurred in previous call.
2026-06-01 09:00:53,575 [INFO]   Query 11/50: GBS delivery model conference 2025
2026-06-01 09:00:53,575 [WARNING]   Search failed for 'GBS delivery model conference 2025': Exception occurred in previous call.
2026-06-01 09:00:55,075 [INFO]   Query 12/50: GCC India Bangalore Hyderabad summit 2025
2026-06-01 09:00:55,075 [WARNING]   Search failed for 'GCC India Bangalore Hyderabad summit 2025': Exception occurred in previous call.
2026-06-01 09:00:56,575 [INFO]   Query 13/50: Organization Design conference 2025
2026-06-01 09:00:56,575 [WARNING]   Search failed for 'Organization Design conference 2025': Exception occurred in previous call.
2026-06-01 09:00:58,076 [INFO]   Query 14/50: Operating model transformation summit 2025
2026-06-01 09:00:58,076 [WARNING]   Search failed for 'Operating model transformation summit 2025': Exception occurred in previous call.
2026-06-01 09:00:59,576 [INFO]   Query 15/50: Enterprise transformation conference 2025
2026-06-01 09:00:59,576 [WARNING]   Search failed for 'Enterprise transformation conference 2025': Exception occurred in previous call.
2026-06-01 09:01:01,076 [INFO]   Query 16/50: Organizational effectiveness leadership forum 2025
2026-06-01 09:01:01,076 [WARNING]   Search failed for 'Organizational effectiveness leadership forum 2025': Exception occurred in previous call.
2026-06-01 09:01:02,577 [INFO]   Query 17/50: Change management conference senior leadership 2025
2026-06-01 09:01:02,577 [WARNING]   Search failed for 'Change management conference senior leadership 2025': Exception occurred in previous call.
2026-06-01 09:01:04,077 [INFO]   Query 18/50: OD organizational development conference 2025
2026-06-01 09:01:04,077 [WARNING]   Search failed for 'OD organizational development conference 2025': Exception occurred in previous call.
2026-06-01 09:01:05,577 [INFO]   Query 19/50: Enterprise restructuring transformation summit 2025
2026-06-01 09:01:05,578 [WARNING]   Search failed for 'Enterprise restructuring transformation summit 2025': Exception occurred in previous call.
2026-06-01 09:01:07,078 [INFO]   Query 20/50: Business transformation conference CXO 2025
2026-06-01 09:01:07,078 [WARNING]   Search failed for 'Business transformation conference CXO 2025': Exception occurred in previous call.
2026-06-01 09:01:08,578 [INFO]   Query 21/50: Centre of Excellence setup strategy conference 2025
2026-06-01 09:01:08,578 [WARNING]   Search failed for 'Centre of Excellence setup strategy conference 2025': Exception occurred in previous call.
2026-06-01 09:01:10,079 [INFO]   Query 22/50: Enterprise capability building COE summit 2025
2026-06-01 09:01:10,079 [WARNING]   Search failed for 'Enterprise capability building COE summit 2025': Exception occurred in previous call.
2026-06-01 09:01:11,579 [INFO]   Query 23/50: COE strategy leadership forum 2025
2026-06-01 09:01:11,579 [WARNING]   Search failed for 'COE strategy leadership forum 2025': Exception occurred in previous call.
2026-06-01 09:01:13,079 [INFO]   Query 24/50: Center of Excellence governance conference 2025
2026-06-01 09:01:13,079 [WARNING]   Search failed for 'Center of Excellence governance conference 2025': Exception occurred in previous call.
2026-06-01 09:01:14,580 [INFO]   Query 25/50: Post merger integration conference 2025
2026-06-01 09:01:14,580 [WARNING]   Search failed for 'Post merger integration conference 2025': Exception occurred in previous call.
2026-06-01 09:01:16,080 [INFO]   Query 26/50: M&A integration summit leadership 2025
2026-06-01 09:01:16,080 [WARNING]   Search failed for 'M&A integration summit leadership 2025': Exception occurred in previous call.
2026-06-01 09:01:17,580 [INFO]   Query 27/50: Corporate restructuring conference 2025
2026-06-01 09:01:17,581 [WARNING]   Search failed for 'Corporate restructuring conference 2025': Exception occurred in previous call.
2026-06-01 09:01:19,081 [INFO]   Query 28/50: M&A value creation leadership forum 2025
2026-06-01 09:01:19,081 [WARNING]   Search failed for 'M&A value creation leadership forum 2025': Exception occurred in previous call.
2026-06-01 09:01:20,581 [INFO]   Query 29/50: Post acquisition integration strategy conference 2025
2026-06-01 09:01:20,581 [WARNING]   Search failed for 'Post acquisition integration strategy conference 2025': Exception occurred in previous call.
2026-06-01 09:01:22,082 [INFO]   Query 30/50: Enterprise integration management summit 2025
2026-06-01 09:01:22,082 [WARNING]   Search failed for 'Enterprise integration management summit 2025': Exception occurred in previous call.
2026-06-01 09:01:23,582 [INFO]   Query 31/50: RPO recruitment process outsourcing summit 2025
2026-06-01 09:01:23,582 [WARNING]   Search failed for 'RPO recruitment process outsourcing summit 2025': Exception occurred in previous call.
2026-06-01 09:01:25,082 [INFO]   Query 32/50: Talent acquisition leadership forum 2025
2026-06-01 09:01:25,082 [WARNING]   Search failed for 'Talent acquisition leadership forum 2025': Exception occurred in previous call.
2026-06-01 09:01:26,583 [INFO]   Query 33/50: Recruitment as a Service conference 2025
2026-06-01 09:01:26,583 [WARNING]   Search failed for 'Recruitment as a Service conference 2025': Exception occurred in previous call.
2026-06-01 09:01:28,083 [INFO]   Query 34/50: HR talent strategy conference 2025
2026-06-01 09:01:28,083 [WARNING]   Search failed for 'HR talent strategy conference 2025': Exception occurred in previous call.
2026-06-01 09:01:29,583 [INFO]   Query 35/50: Workforce planning leadership summit 2025
2026-06-01 09:01:29,584 [WARNING]   Search failed for 'Workforce planning leadership summit 2025': Exception occurred in previous call.
2026-06-01 09:01:31,084 [INFO]   Query 36/50: Executive coaching conference ICF 2025
2026-06-01 09:01:31,084 [WARNING]   Search failed for 'Executive coaching conference ICF 2025': Exception occurred in previous call.
2026-06-01 09:01:32,584 [INFO]   Query 37/50: Board advisory leadership summit 2025
2026-06-01 09:01:32,584 [WARNING]   Search failed for 'Board advisory leadership summit 2025': Exception occurred in previous call.
2026-06-01 09:01:34,084 [INFO]   Query 38/50: C-suite CXO strategy leadership forum 2025
2026-06-01 09:01:34,085 [WARNING]   Search failed for 'C-suite CXO strategy leadership forum 2025': Exception occurred in previous call.
2026-06-01 09:01:35,585 [INFO]   Query 39/50: Senior executive leadership development summit 2025
2026-06-01 09:01:35,585 [WARNING]   Search failed for 'Senior executive leadership development summit 2025': Exception occurred in previous call.
2026-06-01 09:01:37,085 [INFO]   Query 40/50: Board governance directors conference 2025
2026-06-01 09:01:37,085 [WARNING]   Search failed for 'Board governance directors conference 2025': Exception occurred in previous call.
2026-06-01 09:01:38,586 [INFO]   Query 41/50: Executive leadership coaching forum 2025
2026-06-01 09:01:38,586 [WARNING]   Search failed for 'Executive leadership coaching forum 2025': Exception occurred in previous call.
2026-06-01 09:01:40,086 [INFO]   Query 42/50: Everest Group analyst summit outsourcing 2025
2026-06-01 09:01:40,086 [WARNING]   Search failed for 'Everest Group analyst summit outsourcing 2025': Exception occurred in previous call.
2026-06-01 09:01:41,586 [INFO]   Query 43/50: ISG outsourcing summit 2025
2026-06-01 09:01:41,587 [WARNING]   Search failed for 'ISG outsourcing summit 2025': Exception occurred in previous call.
2026-06-01 09:01:43,087 [INFO]   Query 44/50: Deloitte consulting leadership summit 2025
2026-06-01 09:01:43,087 [WARNING]   Search failed for 'Deloitte consulting leadership summit 2025': Exception occurred in previous call.
2026-06-01 09:01:44,587 [INFO]   Query 45/50: EY strategy transformation conference 2025
2026-06-01 09:01:44,587 [WARNING]   Search failed for 'EY strategy transformation conference 2025': Exception occurred in previous call.
2026-06-01 09:01:46,088 [INFO]   Query 46/50: CII industry leadership summit India 2025
2026-06-01 09:01:46,088 [WARNING]   Search failed for 'CII industry leadership summit India 2025': Exception occurred in previous call.
2026-06-01 09:01:47,588 [INFO]   Query 47/50: SHRM HR leadership conference 2025
2026-06-01 09:01:47,588 [WARNING]   Search failed for 'SHRM HR leadership conference 2025': Exception occurred in previous call.
2026-06-01 09:01:49,088 [INFO]   Query 48/50: People Matters HR summit 2025
2026-06-01 09:01:49,088 [WARNING]   Search failed for 'People Matters HR summit 2025': Exception occurred in previous call.
2026-06-01 09:01:50,589 [INFO]   Query 49/50: ETHRWorld HR transformation summit 2025
2026-06-01 09:01:50,589 [WARNING]   Search failed for 'ETHRWorld HR transformation summit 2025': Exception occurred in previous call.
2026-06-01 09:01:52,089 [INFO]   Query 50/50: CHRO chief HR officer leadership forum 2025
2026-06-01 09:01:52,089 [WARNING]   Search failed for 'CHRO chief HR officer leadership forum 2025': Exception occurred in previous call.
2026-06-01 09:01:53,589 [INFO] PHASE 1 complete — 0 unique URLs collected.
2026-06-01 09:01:53,590 [INFO] PHASE 2 — Extracting event details from 0 pages …
2026-06-01 09:01:53,590 [INFO] PHASE 2 complete — 0 events scored ≥6.
2026-06-01 09:01:53,590 [INFO] PHASE 3 — Updating Excel: HARTS_Events.xlsx
2026-06-01 09:01:53,592 [INFO]   Created new workbook.
2026-06-01 09:01:53,596 [INFO] PHASE 3 complete — 0 new events added.
2026-06-01 09:01:53,596 [INFO] PHASE 4 — M365 reminders are currently disabled.
2026-06-01 09:01:53,596 [INFO] 
============================================================
  HARTS Event Scout — Run Summary
  Date       : 01 June 2026
  New events : 0
  Errors     : 0
============================================================

2026-06-08 08:27:44,710 [INFO] ============================================================
2026-06-08 08:27:44,710 [INFO] HARTS Event Scout starting — 2026-06-08
2026-06-08 08:27:44,710 [INFO] ============================================================
2026-06-08 08:27:44,710 [INFO] PHASE 1 — Discovering URLs across 50 queries …
2026-06-08 08:27:44,710 [WARNING] Impersonate 'chrome_114' does not exist, using 'random'
2026-06-08 08:27:44,716 [INFO]   Query 01/50: GCC Global Capability Center conference 2025 India
2026-06-08 08:27:44,908 [INFO] response: https://duckduckgo.com/ 202
2026-06-08 08:27:44,930 [WARNING]   Search failed for 'GCC Global Capability Center conference 2025 India': https://duckduckgo.com/ 202 Ratelimit
2026-06-08 08:27:46,430 [INFO]   Query 02/50: Global Capability Center summit leadership 2025
2026-06-08 08:27:46,431 [WARNING]   Search failed for 'Global Capability Center summit leadership 2025': Exception occurred in previous call.
2026-06-08 08:27:47,931 [INFO]   Query 03/50: NASSCOM GCC summit 2025
2026-06-08 08:27:47,931 [WARNING]   Search failed for 'NASSCOM GCC summit 2025': Exception occurred in previous call.
2026-06-08 08:27:49,431 [INFO]   Query 04/50: Shared Services conference summit 2025
2026-06-08 08:27:49,431 [WARNING]   Search failed for 'Shared Services conference summit 2025': Exception occurred in previous call.
2026-06-08 08:27:50,932 [INFO]   Query 05/50: SSON Shared Services excellence conference 2025
2026-06-08 08:27:50,932 [WARNING]   Search failed for 'SSON Shared Services excellence conference 2025': Exception occurred in previous call.
2026-06-08 08:27:52,432 [INFO]   Query 06/50: Global Business Services GBS summit 2025
2026-06-08 08:27:52,432 [WARNING]   Search failed for 'Global Business Services GBS summit 2025': Exception occurred in previous call.
2026-06-08 08:27:53,932 [INFO]   Query 07/50: GCC operating model strategy forum 2025
2026-06-08 08:27:53,932 [WARNING]   Search failed for 'GCC operating model strategy forum 2025': Exception occurred in previous call.
2026-06-08 08:27:55,433 [INFO]   Query 08/50: Global In-house Center conference India 2025
2026-06-08 08:27:55,433 [WARNING]   Search failed for 'Global In-house Center conference India 2025': Exception occurred in previous call.
2026-06-08 08:27:56,933 [INFO]   Query 09/50: GCC scaling leadership forum Asia 2025
2026-06-08 08:27:56,933 [WARNING]   Search failed for 'GCC scaling leadership forum Asia 2025': Exception occurred in previous call.
2026-06-08 08:27:58,433 [INFO]   Query 10/50: Shared Services transformation conference 2025
2026-06-08 08:27:58,433 [WARNING]   Search failed for 'Shared Services transformation conference 2025': Exception occurred in previous call.
2026-06-08 08:27:59,934 [INFO]   Query 11/50: GBS delivery model conference 2025
2026-06-08 08:27:59,934 [WARNING]   Search failed for 'GBS delivery model conference 2025': Exception occurred in previous call.
2026-06-08 08:28:01,434 [INFO]   Query 12/50: GCC India Bangalore Hyderabad summit 2025
2026-06-08 08:28:01,434 [WARNING]   Search failed for 'GCC India Bangalore Hyderabad summit 2025': Exception occurred in previous call.
2026-06-08 08:28:02,934 [INFO]   Query 13/50: Organization Design conference 2025
2026-06-08 08:28:02,934 [WARNING]   Search failed for 'Organization Design conference 2025': Exception occurred in previous call.
2026-06-08 08:28:04,435 [INFO]   Query 14/50: Operating model transformation summit 2025
2026-06-08 08:28:04,435 [WARNING]   Search failed for 'Operating model transformation summit 2025': Exception occurred in previous call.
2026-06-08 08:28:05,935 [INFO]   Query 15/50: Enterprise transformation conference 2025
2026-06-08 08:28:05,935 [WARNING]   Search failed for 'Enterprise transformation conference 2025': Exception occurred in previous call.
2026-06-08 08:28:07,435 [INFO]   Query 16/50: Organizational effectiveness leadership forum 2025
2026-06-08 08:28:07,435 [WARNING]   Search failed for 'Organizational effectiveness leadership forum 2025': Exception occurred in previous call.
2026-06-08 08:28:08,936 [INFO]   Query 17/50: Change management conference senior leadership 2025
2026-06-08 08:28:08,936 [WARNING]   Search failed for 'Change management conference senior leadership 2025': Exception occurred in previous call.
2026-06-08 08:28:10,436 [INFO]   Query 18/50: OD organizational development conference 2025
2026-06-08 08:28:10,436 [WARNING]   Search failed for 'OD organizational development conference 2025': Exception occurred in previous call.
2026-06-08 08:28:11,936 [INFO]   Query 19/50: Enterprise restructuring transformation summit 2025
2026-06-08 08:28:11,937 [WARNING]   Search failed for 'Enterprise restructuring transformation summit 2025': Exception occurred in previous call.
2026-06-08 08:28:13,437 [INFO]   Query 20/50: Business transformation conference CXO 2025
2026-06-08 08:28:13,437 [WARNING]   Search failed for 'Business transformation conference CXO 2025': Exception occurred in previous call.
2026-06-08 08:28:14,937 [INFO]   Query 21/50: Centre of Excellence setup strategy conference 2025
2026-06-08 08:28:14,937 [WARNING]   Search failed for 'Centre of Excellence setup strategy conference 2025': Exception occurred in previous call.
2026-06-08 08:28:16,438 [INFO]   Query 22/50: Enterprise capability building COE summit 2025
2026-06-08 08:28:16,438 [WARNING]   Search failed for 'Enterprise capability building COE summit 2025': Exception occurred in previous call.
2026-06-08 08:28:17,938 [INFO]   Query 23/50: COE strategy leadership forum 2025
2026-06-08 08:28:17,938 [WARNING]   Search failed for 'COE strategy leadership forum 2025': Exception occurred in previous call.
2026-06-08 08:28:19,438 [INFO]   Query 24/50: Center of Excellence governance conference 2025
2026-06-08 08:28:19,438 [WARNING]   Search failed for 'Center of Excellence governance conference 2025': Exception occurred in previous call.
2026-06-08 08:28:20,939 [INFO]   Query 25/50: Post merger integration conference 2025
2026-06-08 08:28:20,939 [WARNING]   Search failed for 'Post merger integration conference 2025': Exception occurred in previous call.
2026-06-08 08:28:22,439 [INFO]   Query 26/50: M&A integration summit leadership 2025
2026-06-08 08:28:22,439 [WARNING]   Search failed for 'M&A integration summit leadership 2025': Exception occurred in previous call.
2026-06-08 08:28:23,939 [INFO]   Query 27/50: Corporate restructuring conference 2025
2026-06-08 08:28:23,939 [WARNING]   Search failed for 'Corporate restructuring conference 2025': Exception occurred in previous call.
2026-06-08 08:28:25,440 [INFO]   Query 28/50: M&A value creation leadership forum 2025
2026-06-08 08:28:25,440 [WARNING]   Search failed for 'M&A value creation leadership forum 2025': Exception occurred in previous call.
2026-06-08 08:28:26,940 [INFO]   Query 29/50: Post acquisition integration strategy conference 2025
2026-06-08 08:28:26,940 [WARNING]   Search failed for 'Post acquisition integration strategy conference 2025': Exception occurred in previous call.
2026-06-08 08:28:28,440 [INFO]   Query 30/50: Enterprise integration management summit 2025
2026-06-08 08:28:28,440 [WARNING]   Search failed for 'Enterprise integration management summit 2025': Exception occurred in previous call.
2026-06-08 08:28:29,941 [INFO]   Query 31/50: RPO recruitment process outsourcing summit 2025
2026-06-08 08:28:29,941 [WARNING]   Search failed for 'RPO recruitment process outsourcing summit 2025': Exception occurred in previous call.
2026-06-08 08:28:31,441 [INFO]   Query 32/50: Talent acquisition leadership forum 2025
2026-06-08 08:28:31,441 [WARNING]   Search failed for 'Talent acquisition leadership forum 2025': Exception occurred in previous call.
2026-06-08 08:28:32,941 [INFO]   Query 33/50: Recruitment as a Service conference 2025
2026-06-08 08:28:32,942 [WARNING]   Search failed for 'Recruitment as a Service conference 2025': Exception occurred in previous call.
2026-06-08 08:28:34,442 [INFO]   Query 34/50: HR talent strategy conference 2025
2026-06-08 08:28:34,442 [WARNING]   Search failed for 'HR talent strategy conference 2025': Exception occurred in previous call.
2026-06-08 08:28:35,942 [INFO]   Query 35/50: Workforce planning leadership summit 2025
2026-06-08 08:28:35,942 [WARNING]   Search failed for 'Workforce planning leadership summit 2025': Exception occurred in previous call.
2026-06-08 08:28:37,443 [INFO]   Query 36/50: Executive coaching conference ICF 2025
2026-06-08 08:28:37,443 [WARNING]   Search failed for 'Executive coaching conference ICF 2025': Exception occurred in previous call.
2026-06-08 08:28:38,943 [INFO]   Query 37/50: Board advisory leadership summit 2025
2026-06-08 08:28:38,943 [WARNING]   Search failed for 'Board advisory leadership summit 2025': Exception occurred in previous call.
2026-06-08 08:28:40,443 [INFO]   Query 38/50: C-suite CXO strategy leadership forum 2025
2026-06-08 08:28:40,443 [WARNING]   Search failed for 'C-suite CXO strategy leadership forum 2025': Exception occurred in previous call.
2026-06-08 08:28:41,944 [INFO]   Query 39/50: Senior executive leadership development summit 2025
2026-06-08 08:28:41,944 [WARNING]   Search failed for 'Senior executive leadership development summit 2025': Exception occurred in previous call.
2026-06-08 08:28:43,444 [INFO]   Query 40/50: Board governance directors conference 2025
2026-06-08 08:28:43,444 [WARNING]   Search failed for 'Board governance directors conference 2025': Exception occurred in previous call.
2026-06-08 08:28:44,944 [INFO]   Query 41/50: Executive leadership coaching forum 2025
2026-06-08 08:28:44,944 [WARNING]   Search failed for 'Executive leadership coaching forum 2025': Exception occurred in previous call.
2026-06-08 08:28:46,445 [INFO]   Query 42/50: Everest Group analyst summit outsourcing 2025
2026-06-08 08:28:46,445 [WARNING]   Search failed for 'Everest Group analyst summit outsourcing 2025': Exception occurred in previous call.
2026-06-08 08:28:47,945 [INFO]   Query 43/50: ISG outsourcing summit 2025
2026-06-08 08:28:47,945 [WARNING]   Search failed for 'ISG outsourcing summit 2025': Exception occurred in previous call.
2026-06-08 08:28:49,445 [INFO]   Query 44/50: Deloitte consulting leadership summit 2025
2026-06-08 08:28:49,446 [WARNING]   Search failed for 'Deloitte consulting leadership summit 2025': Exception occurred in previous call.
2026-06-08 08:28:50,946 [INFO]   Query 45/50: EY strategy transformation conference 2025
2026-06-08 08:28:50,946 [WARNING]   Search failed for 'EY strategy transformation conference 2025': Exception occurred in previous call.
2026-06-08 08:28:52,446 [INFO]   Query 46/50: CII industry leadership summit India 2025
2026-06-08 08:28:52,446 [WARNING]   Search failed for 'CII industry leadership summit India 2025': Exception occurred in previous call.
2026-06-08 08:28:53,946 [INFO]   Query 47/50: SHRM HR leadership conference 2025
2026-06-08 08:28:53,947 [WARNING]   Search failed for 'SHRM HR leadership conference 2025': Exception occurred in previous call.
2026-06-08 08:28:55,447 [INFO]   Query 48/50: People Matters HR summit 2025
2026-06-08 08:28:55,447 [WARNING]   Search failed for 'People Matters HR summit 2025': Exception occurred in previous call.
2026-06-08 08:28:56,947 [INFO]   Query 49/50: ETHRWorld HR transformation summit 2025
2026-06-08 08:28:56,947 [WARNING]   Search failed for 'ETHRWorld HR transformation summit 2025': Exception occurred in previous call.
2026-06-08 08:28:58,448 [INFO]   Query 50/50: CHRO chief HR officer leadership forum 2025
2026-06-08 08:28:58,448 [WARNING]   Search failed for 'CHRO chief HR officer leadership forum 2025': Exception occurred in previous call.
2026-06-08 08:28:59,948 [INFO] PHASE 1 complete — 0 unique URLs collected.
2026-06-08 08:28:59,948 [INFO] PHASE 2 — Extracting event details from 0 pages …
2026-06-08 08:28:59,948 [INFO] PHASE 2 complete — 0 events scored ≥6.
2026-06-08 08:28:59,948 [INFO] PHASE 3 — Updating Excel: HARTS_Events.xlsx
2026-06-08 08:28:59,953 [INFO]   Loaded existing file (0 rows).
2026-06-08 08:28:59,956 [INFO] PHASE 3 complete — 0 new events added.
2026-06-08 08:28:59,956 [INFO] PHASE 4 — M365 reminders are currently disabled.
2026-06-08 08:28:59,956 [INFO] 
============================================================
  HARTS Event Scout — Run Summary
  Date       : 08 June 2026
  New events : 0
  Errors     : 0
============================================================

2026-06-15 09:43:05,524 [INFO] ============================================================
2026-06-15 09:43:05,524 [INFO] HARTS Event Scout starting — 2026-06-15
2026-06-15 09:43:05,525 [INFO] ============================================================
2026-06-15 09:43:05,525 [INFO] PHASE 1 — Discovering URLs across 50 queries …
2026-06-15 09:43:05,525 [WARNING] Impersonate 'edge_127' does not exist, using 'random'
2026-06-15 09:43:05,531 [INFO]   Query 01/50: GCC Global Capability Center conference 2025 India
2026-06-15 09:43:05,675 [INFO] response: https://duckduckgo.com/ 202
2026-06-15 09:43:05,681 [WARNING]   Search failed for 'GCC Global Capability Center conference 2025 India': https://duckduckgo.com/ 202 Ratelimit
2026-06-15 09:43:07,181 [INFO]   Query 02/50: Global Capability Center summit leadership 2025
2026-06-15 09:43:07,181 [WARNING]   Search failed for 'Global Capability Center summit leadership 2025': Exception occurred in previous call.
2026-06-15 09:43:08,681 [INFO]   Query 03/50: NASSCOM GCC summit 2025
2026-06-15 09:43:08,681 [WARNING]   Search failed for 'NASSCOM GCC summit 2025': Exception occurred in previous call.
2026-06-15 09:43:10,182 [INFO]   Query 04/50: Shared Services conference summit 2025
2026-06-15 09:43:10,182 [WARNING]   Search failed for 'Shared Services conference summit 2025': Exception occurred in previous call.
2026-06-15 09:43:11,682 [INFO]   Query 05/50: SSON Shared Services excellence conference 2025
2026-06-15 09:43:11,682 [WARNING]   Search failed for 'SSON Shared Services excellence conference 2025': Exception occurred in previous call.
2026-06-15 09:43:13,182 [INFO]   Query 06/50: Global Business Services GBS summit 2025
2026-06-15 09:43:13,183 [WARNING]   Search failed for 'Global Business Services GBS summit 2025': Exception occurred in previous call.
2026-06-15 09:43:14,683 [INFO]   Query 07/50: GCC operating model strategy forum 2025
2026-06-15 09:43:14,683 [WARNING]   Search failed for 'GCC operating model strategy forum 2025': Exception occurred in previous call.
2026-06-15 09:43:16,183 [INFO]   Query 08/50: Global In-house Center conference India 2025
2026-06-15 09:43:16,183 [WARNING]   Search failed for 'Global In-house Center conference India 2025': Exception occurred in previous call.
2026-06-15 09:43:17,684 [INFO]   Query 09/50: GCC scaling leadership forum Asia 2025
2026-06-15 09:43:17,684 [WARNING]   Search failed for 'GCC scaling leadership forum Asia 2025': Exception occurred in previous call.
2026-06-15 09:43:19,184 [INFO]   Query 10/50: Shared Services transformation conference 2025
2026-06-15 09:43:19,184 [WARNING]   Search failed for 'Shared Services transformation conference 2025': Exception occurred in previous call.
2026-06-15 09:43:20,684 [INFO]   Query 11/50: GBS delivery model conference 2025
2026-06-15 09:43:20,685 [WARNING]   Search failed for 'GBS delivery model conference 2025': Exception occurred in previous call.
2026-06-15 09:43:22,185 [INFO]   Query 12/50: GCC India Bangalore Hyderabad summit 2025
2026-06-15 09:43:22,185 [WARNING]   Search failed for 'GCC India Bangalore Hyderabad summit 2025': Exception occurred in previous call.
2026-06-15 09:43:23,685 [INFO]   Query 13/50: Organization Design conference 2025
2026-06-15 09:43:23,685 [WARNING]   Search failed for 'Organization Design conference 2025': Exception occurred in previous call.
2026-06-15 09:43:25,185 [INFO]   Query 14/50: Operating model transformation summit 2025
2026-06-15 09:43:25,186 [WARNING]   Search failed for 'Operating model transformation summit 2025': Exception occurred in previous call.
2026-06-15 09:43:26,686 [INFO]   Query 15/50: Enterprise transformation conference 2025
2026-06-15 09:43:26,686 [WARNING]   Search failed for 'Enterprise transformation conference 2025': Exception occurred in previous call.
2026-06-15 09:43:28,186 [INFO]   Query 16/50: Organizational effectiveness leadership forum 2025
2026-06-15 09:43:28,186 [WARNING]   Search failed for 'Organizational effectiveness leadership forum 2025': Exception occurred in previous call.
2026-06-15 09:43:29,687 [INFO]   Query 17/50: Change management conference senior leadership 2025
2026-06-15 09:43:29,687 [WARNING]   Search failed for 'Change management conference senior leadership 2025': Exception occurred in previous call.
2026-06-15 09:43:31,187 [INFO]   Query 18/50: OD organizational development conference 2025
2026-06-15 09:43:31,187 [WARNING]   Search failed for 'OD organizational development conference 2025': Exception occurred in previous call.
2026-06-15 09:43:32,687 [INFO]   Query 19/50: Enterprise restructuring transformation summit 2025
2026-06-15 09:43:32,688 [WARNING]   Search failed for 'Enterprise restructuring transformation summit 2025': Exception occurred in previous call.
2026-06-15 09:43:34,188 [INFO]   Query 20/50: Business transformation conference CXO 2025
2026-06-15 09:43:34,188 [WARNING]   Search failed for 'Business transformation conference CXO 2025': Exception occurred in previous call.
2026-06-15 09:43:35,688 [INFO]   Query 21/50: Centre of Excellence setup strategy conference 2025
2026-06-15 09:43:35,689 [WARNING]   Search failed for 'Centre of Excellence setup strategy conference 2025': Exception occurred in previous call.
2026-06-15 09:43:37,189 [INFO]   Query 22/50: Enterprise capability building COE summit 2025
2026-06-15 09:43:37,189 [WARNING]   Search failed for 'Enterprise capability building COE summit 2025': Exception occurred in previous call.
2026-06-15 09:43:38,689 [INFO]   Query 23/50: COE strategy leadership forum 2025
2026-06-15 09:43:38,689 [WARNING]   Search failed for 'COE strategy leadership forum 2025': Exception occurred in previous call.
2026-06-15 09:43:40,190 [INFO]   Query 24/50: Center of Excellence governance conference 2025
2026-06-15 09:43:40,190 [WARNING]   Search failed for 'Center of Excellence governance conference 2025': Exception occurred in previous call.
2026-06-15 09:43:41,690 [INFO]   Query 25/50: Post merger integration conference 2025
2026-06-15 09:43:41,690 [WARNING]   Search failed for 'Post merger integration conference 2025': Exception occurred in previous call.
2026-06-15 09:43:43,190 [INFO]   Query 26/50: M&A integration summit leadership 2025
2026-06-15 09:43:43,190 [WARNING]   Search failed for 'M&A integration summit leadership 2025': Exception occurred in previous call.
2026-06-15 09:43:44,691 [INFO]   Query 27/50: Corporate restructuring conference 2025
2026-06-15 09:43:44,691 [WARNING]   Search failed for 'Corporate restructuring conference 2025': Exception occurred in previous call.
2026-06-15 09:43:46,191 [INFO]   Query 28/50: M&A value creation leadership forum 2025
2026-06-15 09:43:46,191 [WARNING]   Search failed for 'M&A value creation leadership forum 2025': Exception occurred in previous call.
2026-06-15 09:43:47,691 [INFO]   Query 29/50: Post acquisition integration strategy conference 2025
2026-06-15 09:43:47,692 [WARNING]   Search failed for 'Post acquisition integration strategy conference 2025': Exception occurred in previous call.
2026-06-15 09:43:49,192 [INFO]   Query 30/50: Enterprise integration management summit 2025
2026-06-15 09:43:49,192 [WARNING]   Search failed for 'Enterprise integration management summit 2025': Exception occurred in previous call.
2026-06-15 09:43:50,692 [INFO]   Query 31/50: RPO recruitment process outsourcing summit 2025
2026-06-15 09:43:50,692 [WARNING]   Search failed for 'RPO recruitment process outsourcing summit 2025': Exception occurred in previous call.
2026-06-15 09:43:52,193 [INFO]   Query 32/50: Talent acquisition leadership forum 2025
2026-06-15 09:43:52,193 [WARNING]   Search failed for 'Talent acquisition leadership forum 2025': Exception occurred in previous call.
2026-06-15 09:43:53,693 [INFO]   Query 33/50: Recruitment as a Service conference 2025
2026-06-15 09:43:53,693 [WARNING]   Search failed for 'Recruitment as a Service conference 2025': Exception occurred in previous call.
2026-06-15 09:43:55,193 [INFO]   Query 34/50: HR talent strategy conference 2025
2026-06-15 09:43:55,194 [WARNING]   Search failed for 'HR talent strategy conference 2025': Exception occurred in previous call.
2026-06-15 09:43:56,694 [INFO]   Query 35/50: Workforce planning leadership summit 2025
2026-06-15 09:43:56,694 [WARNING]   Search failed for 'Workforce planning leadership summit 2025': Exception occurred in previous call.
2026-06-15 09:43:58,194 [INFO]   Query 36/50: Executive coaching conference ICF 2025
2026-06-15 09:43:58,194 [WARNING]   Search failed for 'Executive coaching conference ICF 2025': Exception occurred in previous call.
2026-06-15 09:43:59,694 [INFO]   Query 37/50: Board advisory leadership summit 2025
2026-06-15 09:43:59,695 [WARNING]   Search failed for 'Board advisory leadership summit 2025': Exception occurred in previous call.
2026-06-15 09:44:01,195 [INFO]   Query 38/50: C-suite CXO strategy leadership forum 2025
2026-06-15 09:44:01,195 [WARNING]   Search failed for 'C-suite CXO strategy leadership forum 2025': Exception occurred in previous call.
2026-06-15 09:44:02,695 [INFO]   Query 39/50: Senior executive leadership development summit 2025
2026-06-15 09:44:02,695 [WARNING]   Search failed for 'Senior executive leadership development summit 2025': Exception occurred in previous call.
2026-06-15 09:44:04,196 [INFO]   Query 40/50: Board governance directors conference 2025
2026-06-15 09:44:04,196 [WARNING]   Search failed for 'Board governance directors conference 2025': Exception occurred in previous call.
2026-06-15 09:44:05,696 [INFO]   Query 41/50: Executive leadership coaching forum 2025
2026-06-15 09:44:05,696 [WARNING]   Search failed for 'Executive leadership coaching forum 2025': Exception occurred in previous call.
2026-06-15 09:44:07,197 [INFO]   Query 42/50: Everest Group analyst summit outsourcing 2025
2026-06-15 09:44:07,197 [WARNING]   Search failed for 'Everest Group analyst summit outsourcing 2025': Exception occurred in previous call.
2026-06-15 09:44:08,697 [INFO]   Query 43/50: ISG outsourcing summit 2025
2026-06-15 09:44:08,698 [WARNING]   Search failed for 'ISG outsourcing summit 2025': Exception occurred in previous call.
2026-06-15 09:44:10,198 [INFO]   Query 44/50: Deloitte consulting leadership summit 2025
2026-06-15 09:44:10,198 [WARNING]   Search failed for 'Deloitte consulting leadership summit 2025': Exception occurred in previous call.
2026-06-15 09:44:11,698 [INFO]   Query 45/50: EY strategy transformation conference 2025
2026-06-15 09:44:11,698 [WARNING]   Search failed for 'EY strategy transformation conference 2025': Exception occurred in previous call.
2026-06-15 09:44:13,199 [INFO]   Query 46/50: CII industry leadership summit India 2025
2026-06-15 09:44:13,199 [WARNING]   Search failed for 'CII industry leadership summit India 2025': Exception occurred in previous call.
2026-06-15 09:44:14,699 [INFO]   Query 47/50: SHRM HR leadership conference 2025
2026-06-15 09:44:14,699 [WARNING]   Search failed for 'SHRM HR leadership conference 2025': Exception occurred in previous call.
2026-06-15 09:44:16,199 [INFO]   Query 48/50: People Matters HR summit 2025
2026-06-15 09:44:16,200 [WARNING]   Search failed for 'People Matters HR summit 2025': Exception occurred in previous call.
2026-06-15 09:44:17,700 [INFO]   Query 49/50: ETHRWorld HR transformation summit 2025
2026-06-15 09:44:17,700 [WARNING]   Search failed for 'ETHRWorld HR transformation summit 2025': Exception occurred in previous call.
2026-06-15 09:44:19,200 [INFO]   Query 50/50: CHRO chief HR officer leadership forum 2025
2026-06-15 09:44:19,200 [WARNING]   Search failed for 'CHRO chief HR officer leadership forum 2025': Exception occurred in previous call.
2026-06-15 09:44:20,701 [INFO] PHASE 1 complete — 0 unique URLs collected.
2026-06-15 09:44:20,701 [INFO] PHASE 2 — Extracting event details from 0 pages …
2026-06-15 09:44:20,701 [INFO] PHASE 2 complete — 0 events scored ≥6.
2026-06-15 09:44:20,701 [INFO] PHASE 3 — Updating Excel: HARTS_Events.xlsx
2026-06-15 09:44:20,705 [INFO]   Loaded existing file (0 rows).
2026-06-15 09:44:20,709 [INFO] PHASE 3 complete — 0 new events added.
2026-06-15 09:44:20,709 [INFO] PHASE 4 — M365 reminders are currently disabled.
2026-06-15 09:44:20,710 [INFO] 
============================================================
  HARTS Event Scout — Run Summary
  Date       : 15 June 2026
  New events : 0
  Errors     : 0
============================================================

2026-06-22 09:27:36,044 [INFO] ============================================================
2026-06-22 09:27:36,045 [INFO] HARTS Event Scout starting — 2026-06-22
2026-06-22 09:27:36,045 [INFO] ============================================================
2026-06-22 09:27:36,045 [INFO] PHASE 1 — Discovering URLs across 50 queries …
2026-06-22 09:27:36,045 [WARNING] Impersonate 'edge_127' does not exist, using 'random'
2026-06-22 09:27:36,051 [INFO]   Query 01/50: GCC Global Capability Center conference 2025 India
2026-06-22 09:27:36,274 [INFO] response: https://duckduckgo.com/ 202
2026-06-22 09:27:36,275 [WARNING]   Search failed for 'GCC Global Capability Center conference 2025 India': https://duckduckgo.com/ 202 Ratelimit
2026-06-22 09:27:37,775 [INFO]   Query 02/50: Global Capability Center summit leadership 2025
2026-06-22 09:27:37,775 [WARNING]   Search failed for 'Global Capability Center summit leadership 2025': Exception occurred in previous call.
2026-06-22 09:27:39,275 [INFO]   Query 03/50: NASSCOM GCC summit 2025
2026-06-22 09:27:39,275 [WARNING]   Search failed for 'NASSCOM GCC summit 2025': Exception occurred in previous call.
2026-06-22 09:27:40,776 [INFO]   Query 04/50: Shared Services conference summit 2025
2026-06-22 09:27:40,776 [WARNING]   Search failed for 'Shared Services conference summit 2025': Exception occurred in previous call.
2026-06-22 09:27:42,276 [INFO]   Query 05/50: SSON Shared Services excellence conference 2025
2026-06-22 09:27:42,276 [WARNING]   Search failed for 'SSON Shared Services excellence conference 2025': Exception occurred in previous call.
2026-06-22 09:27:43,776 [INFO]   Query 06/50: Global Business Services GBS summit 2025
2026-06-22 09:27:43,776 [WARNING]   Search failed for 'Global Business Services GBS summit 2025': Exception occurred in previous call.
2026-06-22 09:27:45,277 [INFO]   Query 07/50: GCC operating model strategy forum 2025
2026-06-22 09:27:45,277 [WARNING]   Search failed for 'GCC operating model strategy forum 2025': Exception occurred in previous call.
2026-06-22 09:27:46,777 [INFO]   Query 08/50: Global In-house Center conference India 2025
2026-06-22 09:27:46,777 [WARNING]   Search failed for 'Global In-house Center conference India 2025': Exception occurred in previous call.
2026-06-22 09:27:48,277 [INFO]   Query 09/50: GCC scaling leadership forum Asia 2025
2026-06-22 09:27:48,278 [WARNING]   Search failed for 'GCC scaling leadership forum Asia 2025': Exception occurred in previous call.
2026-06-22 09:27:49,778 [INFO]   Query 10/50: Shared Services transformation conference 2025
2026-06-22 09:27:49,778 [WARNING]   Search failed for 'Shared Services transformation conference 2025': Exception occurred in previous call.
2026-06-22 09:27:51,278 [INFO]   Query 11/50: GBS delivery model conference 2025
2026-06-22 09:27:51,278 [WARNING]   Search failed for 'GBS delivery model conference 2025': Exception occurred in previous call.
2026-06-22 09:27:52,778 [INFO]   Query 12/50: GCC India Bangalore Hyderabad summit 2025
2026-06-22 09:27:52,779 [WARNING]   Search failed for 'GCC India Bangalore Hyderabad summit 2025': Exception occurred in previous call.
2026-06-22 09:27:54,279 [INFO]   Query 13/50: Organization Design conference 2025
2026-06-22 09:27:54,279 [WARNING]   Search failed for 'Organization Design conference 2025': Exception occurred in previous call.
2026-06-22 09:27:55,779 [INFO]   Query 14/50: Operating model transformation summit 2025
2026-06-22 09:27:55,779 [WARNING]   Search failed for 'Operating model transformation summit 2025': Exception occurred in previous call.
2026-06-22 09:27:57,280 [INFO]   Query 15/50: Enterprise transformation conference 2025
2026-06-22 09:27:57,280 [WARNING]   Search failed for 'Enterprise transformation conference 2025': Exception occurred in previous call.
2026-06-22 09:27:58,780 [INFO]   Query 16/50: Organizational effectiveness leadership forum 2025
2026-06-22 09:27:58,780 [WARNING]   Search failed for 'Organizational effectiveness leadership forum 2025': Exception occurred in previous call.
2026-06-22 09:28:00,280 [INFO]   Query 17/50: Change management conference senior leadership 2025
2026-06-22 09:28:00,280 [WARNING]   Search failed for 'Change management conference senior leadership 2025': Exception occurred in previous call.
2026-06-22 09:28:01,781 [INFO]   Query 18/50: OD organizational development conference 2025
2026-06-22 09:28:01,781 [WARNING]   Search failed for 'OD organizational development conference 2025': Exception occurred in previous call.
2026-06-22 09:28:03,281 [INFO]   Query 19/50: Enterprise restructuring transformation summit 2025
2026-06-22 09:28:03,281 [WARNING]   Search failed for 'Enterprise restructuring transformation summit 2025': Exception occurred in previous call.
2026-06-22 09:28:04,781 [INFO]   Query 20/50: Business transformation conference CXO 2025
2026-06-22 09:28:04,782 [WARNING]   Search failed for 'Business transformation conference CXO 2025': Exception occurred in previous call.
2026-06-22 09:28:06,282 [INFO]   Query 21/50: Centre of Excellence setup strategy conference 2025
2026-06-22 09:28:06,282 [WARNING]   Search failed for 'Centre of Excellence setup strategy conference 2025': Exception occurred in previous call.
2026-06-22 09:28:07,782 [INFO]   Query 22/50: Enterprise capability building COE summit 2025
2026-06-22 09:28:07,782 [WARNING]   Search failed for 'Enterprise capability building COE summit 2025': Exception occurred in previous call.
2026-06-22 09:28:09,283 [INFO]   Query 23/50: COE strategy leadership forum 2025
2026-06-22 09:28:09,283 [WARNING]   Search failed for 'COE strategy leadership forum 2025': Exception occurred in previous call.
2026-06-22 09:28:10,783 [INFO]   Query 24/50: Center of Excellence governance conference 2025
2026-06-22 09:28:10,783 [WARNING]   Search failed for 'Center of Excellence governance conference 2025': Exception occurred in previous call.
2026-06-22 09:28:12,283 [INFO]   Query 25/50: Post merger integration conference 2025
2026-06-22 09:28:12,283 [WARNING]   Search failed for 'Post merger integration conference 2025': Exception occurred in previous call.
2026-06-22 09:28:13,784 [INFO]   Query 26/50: M&A integration summit leadership 2025
2026-06-22 09:28:13,784 [WARNING]   Search failed for 'M&A integration summit leadership 2025': Exception occurred in previous call.
2026-06-22 09:28:15,284 [INFO]   Query 27/50: Corporate restructuring conference 2025
2026-06-22 09:28:15,284 [WARNING]   Search failed for 'Corporate restructuring conference 2025': Exception occurred in previous call.
2026-06-22 09:28:16,784 [INFO]   Query 28/50: M&A value creation leadership forum 2025
2026-06-22 09:28:16,784 [WARNING]   Search failed for 'M&A value creation leadership forum 2025': Exception occurred in previous call.
2026-06-22 09:28:18,285 [INFO]   Query 29/50: Post acquisition integration strategy conference 2025
2026-06-22 09:28:18,285 [WARNING]   Search failed for 'Post acquisition integration strategy conference 2025': Exception occurred in previous call.
2026-06-22 09:28:19,785 [INFO]   Query 30/50: Enterprise integration management summit 2025
2026-06-22 09:28:19,785 [WARNING]   Search failed for 'Enterprise integration management summit 2025': Exception occurred in previous call.
2026-06-22 09:28:21,285 [INFO]   Query 31/50: RPO recruitment process outsourcing summit 2025
2026-06-22 09:28:21,286 [WARNING]   Search failed for 'RPO recruitment process outsourcing summit 2025': Exception occurred in previous call.
2026-06-22 09:28:22,786 [INFO]   Query 32/50: Talent acquisition leadership forum 2025
2026-06-22 09:28:22,786 [WARNING]   Search failed for 'Talent acquisition leadership forum 2025': Exception occurred in previous call.
2026-06-22 09:28:24,286 [INFO]   Query 33/50: Recruitment as a Service conference 2025
2026-06-22 09:28:24,286 [WARNING]   Search failed for 'Recruitment as a Service conference 2025': Exception occurred in previous call.
2026-06-22 09:28:25,786 [INFO]   Query 34/50: HR talent strategy conference 2025
2026-06-22 09:28:25,787 [WARNING]   Search failed for 'HR talent strategy conference 2025': Exception occurred in previous call.
2026-06-22 09:28:27,287 [INFO]   Query 35/50: Workforce planning leadership summit 2025
2026-06-22 09:28:27,287 [WARNING]   Search failed for 'Workforce planning leadership summit 2025': Exception occurred in previous call.
2026-06-22 09:28:28,787 [INFO]   Query 36/50: Executive coaching conference ICF 2025
2026-06-22 09:28:28,787 [WARNING]   Search failed for 'Executive coaching conference ICF 2025': Exception occurred in previous call.
2026-06-22 09:28:30,288 [INFO]   Query 37/50: Board advisory leadership summit 2025
2026-06-22 09:28:30,288 [WARNING]   Search failed for 'Board advisory leadership summit 2025': Exception occurred in previous call.
2026-06-22 09:28:31,788 [INFO]   Query 38/50: C-suite CXO strategy leadership forum 2025
2026-06-22 09:28:31,788 [WARNING]   Search failed for 'C-suite CXO strategy leadership forum 2025': Exception occurred in previous call.
2026-06-22 09:28:33,288 [INFO]   Query 39/50: Senior executive leadership development summit 2025
2026-06-22 09:28:33,288 [WARNING]   Search failed for 'Senior executive leadership development summit 2025': Exception occurred in previous call.
2026-06-22 09:28:34,789 [INFO]   Query 40/50: Board governance directors conference 2025
2026-06-22 09:28:34,789 [WARNING]   Search failed for 'Board governance directors conference 2025': Exception occurred in previous call.
2026-06-22 09:28:36,289 [INFO]   Query 41/50: Executive leadership coaching forum 2025
2026-06-22 09:28:36,289 [WARNING]   Search failed for 'Executive leadership coaching forum 2025': Exception occurred in previous call.
2026-06-22 09:28:37,789 [INFO]   Query 42/50: Everest Group analyst summit outsourcing 2025
2026-06-22 09:28:37,789 [WARNING]   Search failed for 'Everest Group analyst summit outsourcing 2025': Exception occurred in previous call.
2026-06-22 09:28:39,290 [INFO]   Query 43/50: ISG outsourcing summit 2025
2026-06-22 09:28:39,290 [WARNING]   Search failed for 'ISG outsourcing summit 2025': Exception occurred in previous call.
2026-06-22 09:28:40,790 [INFO]   Query 44/50: Deloitte consulting leadership summit 2025
2026-06-22 09:28:40,790 [WARNING]   Search failed for 'Deloitte consulting leadership summit 2025': Exception occurred in previous call.
2026-06-22 09:28:42,290 [INFO]   Query 45/50: EY strategy transformation conference 2025
2026-06-22 09:28:42,291 [WARNING]   Search failed for 'EY strategy transformation conference 2025': Exception occurred in previous call.
2026-06-22 09:28:43,791 [INFO]   Query 46/50: CII industry leadership summit India 2025
2026-06-22 09:28:43,791 [WARNING]   Search failed for 'CII industry leadership summit India 2025': Exception occurred in previous call.
2026-06-22 09:28:45,291 [INFO]   Query 47/50: SHRM HR leadership conference 2025
2026-06-22 09:28:45,291 [WARNING]   Search failed for 'SHRM HR leadership conference 2025': Exception occurred in previous call.
2026-06-22 09:28:46,792 [INFO]   Query 48/50: People Matters HR summit 2025
2026-06-22 09:28:46,792 [WARNING]   Search failed for 'People Matters HR summit 2025': Exception occurred in previous call.
2026-06-22 09:28:48,292 [INFO]   Query 49/50: ETHRWorld HR transformation summit 2025
2026-06-22 09:28:48,292 [WARNING]   Search failed for 'ETHRWorld HR transformation summit 2025': Exception occurred in previous call.
2026-06-22 09:28:49,792 [INFO]   Query 50/50: CHRO chief HR officer leadership forum 2025
2026-06-22 09:28:49,792 [WARNING]   Search failed for 'CHRO chief HR officer leadership forum 2025': Exception occurred in previous call.
2026-06-22 09:28:51,293 [INFO] PHASE 1 complete — 0 unique URLs collected.
2026-06-22 09:28:51,293 [INFO] PHASE 2 — Extracting event details from 0 pages …
2026-06-22 09:28:51,293 [INFO] PHASE 2 complete — 0 events scored ≥6.
2026-06-22 09:28:51,293 [INFO] PHASE 3 — Updating Excel: HARTS_Events.xlsx
2026-06-22 09:28:51,297 [INFO]   Loaded existing file (0 rows).
2026-06-22 09:28:51,301 [INFO] PHASE 3 complete — 0 new events added.
2026-06-22 09:28:51,301 [INFO] PHASE 4 — M365 reminders are currently disabled.
2026-06-22 09:28:51,301 [INFO] 
============================================================
  HARTS Event Scout — Run Summary
  Date       : 22 June 2026
  New events : 0
  Errors     : 0
============================================================

2026-06-29 08:31:35,752 [INFO] ============================================================
2026-06-29 08:31:35,752 [INFO] HARTS Event Scout starting — 2026-06-29
2026-06-29 08:31:35,752 [INFO] ============================================================
2026-06-29 08:31:35,752 [INFO] PHASE 1 — Discovering URLs across 50 queries …
2026-06-29 08:31:35,752 [WARNING] Impersonate 'safari_ios_17.2' does not exist, using 'random'
2026-06-29 08:31:35,757 [INFO]   Query 01/50: GCC Global Capability Center conference 2025 India
2026-06-29 08:31:35,861 [INFO] response: https://duckduckgo.com/ 200
2026-06-29 08:31:35,978 [INFO] response: https://links.duckduckgo.com/d.js?q=GCC+Global+Capability+Center+conference+2025+India&kl=wt-wt&l=wt-wt&p=&s=0&df=&vqd=4-274888852212842354645800505614312722487&bing_market=wt-WT&ex=-1 202
2026-06-29 08:31:35,979 [WARNING]   Search failed for 'GCC Global Capability Center conference 2025 India': https://links.duckduckgo.com/d.js?q=GCC+Global+Capability+Center+conference+2025+India&kl=wt-wt&l=wt-wt&p=&s=0&df=&vqd=4-274888852212842354645800505614312722487&bing_market=wt-WT&ex=-1 202 Ratelimit
2026-06-29 08:31:37,479 [INFO]   Query 02/50: Global Capability Center summit leadership 2025
2026-06-29 08:31:37,479 [WARNING]   Search failed for 'Global Capability Center summit leadership 2025': Exception occurred in previous call.
2026-06-29 08:31:38,979 [INFO]   Query 03/50: NASSCOM GCC summit 2025
2026-06-29 08:31:38,980 [WARNING]   Search failed for 'NASSCOM GCC summit 2025': Exception occurred in previous call.
2026-06-29 08:31:40,480 [INFO]   Query 04/50: Shared Services conference summit 2025
2026-06-29 08:31:40,480 [WARNING]   Search failed for 'Shared Services conference summit 2025': Exception occurred in previous call.
2026-06-29 08:31:41,980 [INFO]   Query 05/50: SSON Shared Services excellence conference 2025
2026-06-29 08:31:41,980 [WARNING]   Search failed for 'SSON Shared Services excellence conference 2025': Exception occurred in previous call.
2026-06-29 08:31:43,481 [INFO]   Query 06/50: Global Business Services GBS summit 2025
2026-06-29 08:31:43,481 [WARNING]   Search failed for 'Global Business Services GBS summit 2025': Exception occurred in previous call.
2026-06-29 08:31:44,981 [INFO]   Query 07/50: GCC operating model strategy forum 2025
2026-06-29 08:31:44,981 [WARNING]   Search failed for 'GCC operating model strategy forum 2025': Exception occurred in previous call.
2026-06-29 08:31:46,481 [INFO]   Query 08/50: Global In-house Center conference India 2025
2026-06-29 08:31:46,481 [WARNING]   Search failed for 'Global In-house Center conference India 2025': Exception occurred in previous call.
2026-06-29 08:31:47,982 [INFO]   Query 09/50: GCC scaling leadership forum Asia 2025
2026-06-29 08:31:47,982 [WARNING]   Search failed for 'GCC scaling leadership forum Asia 2025': Exception occurred in previous call.
2026-06-29 08:31:49,482 [INFO]   Query 10/50: Shared Services transformation conference 2025
2026-06-29 08:31:49,482 [WARNING]   Search failed for 'Shared Services transformation conference 2025': Exception occurred in previous call.
2026-06-29 08:31:50,982 [INFO]   Query 11/50: GBS delivery model conference 2025
2026-06-29 08:31:50,983 [WARNING]   Search failed for 'GBS delivery model conference 2025': Exception occurred in previous call.
2026-06-29 08:31:52,483 [INFO]   Query 12/50: GCC India Bangalore Hyderabad summit 2025
2026-06-29 08:31:52,483 [WARNING]   Search failed for 'GCC India Bangalore Hyderabad summit 2025': Exception occurred in previous call.
2026-06-29 08:31:53,983 [INFO]   Query 13/50: Organization Design conference 2025
2026-06-29 08:31:53,983 [WARNING]   Search failed for 'Organization Design conference 2025': Exception occurred in previous call.
2026-06-29 08:31:55,483 [INFO]   Query 14/50: Operating model transformation summit 2025
2026-06-29 08:31:55,484 [WARNING]   Search failed for 'Operating model transformation summit 2025': Exception occurred in previous call.
2026-06-29 08:31:56,984 [INFO]   Query 15/50: Enterprise transformation conference 2025
2026-06-29 08:31:56,984 [WARNING]   Search failed for 'Enterprise transformation conference 2025': Exception occurred in previous call.
2026-06-29 08:31:58,484 [INFO]   Query 16/50: Organizational effectiveness leadership forum 2025
2026-06-29 08:31:58,484 [WARNING]   Search failed for 'Organizational effectiveness leadership forum 2025': Exception occurred in previous call.
2026-06-29 08:31:59,984 [INFO]   Query 17/50: Change management conference senior leadership 2025
2026-06-29 08:31:59,985 [WARNING]   Search failed for 'Change management conference senior leadership 2025': Exception occurred in previous call.
2026-06-29 08:32:01,485 [INFO]   Query 18/50: OD organizational development conference 2025
2026-06-29 08:32:01,485 [WARNING]   Search failed for 'OD organizational development conference 2025': Exception occurred in previous call.
2026-06-29 08:32:02,985 [INFO]   Query 19/50: Enterprise restructuring transformation summit 2025
2026-06-29 08:32:02,985 [WARNING]   Search failed for 'Enterprise restructuring transformation summit 2025': Exception occurred in previous call.
2026-06-29 08:32:04,486 [INFO]   Query 20/50: Business transformation conference CXO 2025
2026-06-29 08:32:04,486 [WARNING]   Search failed for 'Business transformation conference CXO 2025': Exception occurred in previous call.
2026-06-29 08:32:05,986 [INFO]   Query 21/50: Centre of Excellence setup strategy conference 2025
2026-06-29 08:32:05,986 [WARNING]   Search failed for 'Centre of Excellence setup strategy conference 2025': Exception occurred in previous call.
2026-06-29 08:32:07,486 [INFO]   Query 22/50: Enterprise capability building COE summit 2025
2026-06-29 08:32:07,486 [WARNING]   Search failed for 'Enterprise capability building COE summit 2025': Exception occurred in previous call.
2026-06-29 08:32:08,987 [INFO]   Query 23/50: COE strategy leadership forum 2025
2026-06-29 08:32:08,987 [WARNING]   Search failed for 'COE strategy leadership forum 2025': Exception occurred in previous call.
2026-06-29 08:32:10,487 [INFO]   Query 24/50: Center of Excellence governance conference 2025
2026-06-29 08:32:10,487 [WARNING]   Search failed for 'Center of Excellence governance conference 2025': Exception occurred in previous call.
2026-06-29 08:32:11,987 [INFO]   Query 25/50: Post merger integration conference 2025
2026-06-29 08:32:11,987 [WARNING]   Search failed for 'Post merger integration conference 2025': Exception occurred in previous call.
2026-06-29 08:32:13,488 [INFO]   Query 26/50: M&A integration summit leadership 2025
2026-06-29 08:32:13,488 [WARNING]   Search failed for 'M&A integration summit leadership 2025': Exception occurred in previous call.
2026-06-29 08:32:14,988 [INFO]   Query 27/50: Corporate restructuring conference 2025
2026-06-29 08:32:14,988 [WARNING]   Search failed for 'Corporate restructuring conference 2025': Exception occurred in previous call.
2026-06-29 08:32:16,488 [INFO]   Query 28/50: M&A value creation leadership forum 2025
2026-06-29 08:32:16,489 [WARNING]   Search failed for 'M&A value creation leadership forum 2025': Exception occurred in previous call.
2026-06-29 08:32:17,989 [INFO]   Query 29/50: Post acquisition integration strategy conference 2025
2026-06-29 08:32:17,989 [WARNING]   Search failed for 'Post acquisition integration strategy conference 2025': Exception occurred in previous call.
2026-06-29 08:32:19,489 [INFO]   Query 30/50: Enterprise integration management summit 2025
2026-06-29 08:32:19,489 [WARNING]   Search failed for 'Enterprise integration management summit 2025': Exception occurred in previous call.
2026-06-29 08:32:20,990 [INFO]   Query 31/50: RPO recruitment process outsourcing summit 2025
2026-06-29 08:32:20,990 [WARNING]   Search failed for 'RPO recruitment process outsourcing summit 2025': Exception occurred in previous call.
2026-06-29 08:32:22,490 [INFO]   Query 32/50: Talent acquisition leadership forum 2025
2026-06-29 08:32:22,490 [WARNING]   Search failed for 'Talent acquisition leadership forum 2025': Exception occurred in previous call.
2026-06-29 08:32:23,990 [INFO]   Query 33/50: Recruitment as a Service conference 2025
2026-06-29 08:32:23,990 [WARNING]   Search failed for 'Recruitment as a Service conference 2025': Exception occurred in previous call.
2026-06-29 08:32:25,491 [INFO]   Query 34/50: HR talent strategy conference 2025
2026-06-29 08:32:25,491 [WARNING]   Search failed for 'HR talent strategy conference 2025': Exception occurred in previous call.
2026-06-29 08:32:26,991 [INFO]   Query 35/50: Workforce planning leadership summit 2025
2026-06-29 08:32:26,991 [WARNING]   Search failed for 'Workforce planning leadership summit 2025': Exception occurred in previous call.
2026-06-29 08:32:28,491 [INFO]   Query 36/50: Executive coaching conference ICF 2025
2026-06-29 08:32:28,492 [WARNING]   Search failed for 'Executive coaching conference ICF 2025': Exception occurred in previous call.
2026-06-29 08:32:29,992 [INFO]   Query 37/50: Board advisory leadership summit 2025
2026-06-29 08:32:29,992 [WARNING]   Search failed for 'Board advisory leadership summit 2025': Exception occurred in previous call.
2026-06-29 08:32:31,492 [INFO]   Query 38/50: C-suite CXO strategy leadership forum 2025
2026-06-29 08:32:31,492 [WARNING]   Search failed for 'C-suite CXO strategy leadership forum 2025': Exception occurred in previous call.
2026-06-29 08:32:32,993 [INFO]   Query 39/50: Senior executive leadership development summit 2025
2026-06-29 08:32:32,993 [WARNING]   Search failed for 'Senior executive leadership development summit 2025': Exception occurred in previous call.
2026-06-29 08:32:34,493 [INFO]   Query 40/50: Board governance directors conference 2025
2026-06-29 08:32:34,493 [WARNING]   Search failed for 'Board governance directors conference 2025': Exception occurred in previous call.
2026-06-29 08:32:35,993 [INFO]   Query 41/50: Executive leadership coaching forum 2025
2026-06-29 08:32:35,993 [WARNING]   Search failed for 'Executive leadership coaching forum 2025': Exception occurred in previous call.
2026-06-29 08:32:37,494 [INFO]   Query 42/50: Everest Group analyst summit outsourcing 2025
2026-06-29 08:32:37,495 [WARNING]   Search failed for 'Everest Group analyst summit outsourcing 2025': Exception occurred in previous call.
2026-06-29 08:32:38,995 [INFO]   Query 43/50: ISG outsourcing summit 2025
2026-06-29 08:32:38,995 [WARNING]   Search failed for 'ISG outsourcing summit 2025': Exception occurred in previous call.
2026-06-29 08:32:40,495 [INFO]   Query 44/50: Deloitte consulting leadership summit 2025
2026-06-29 08:32:40,495 [WARNING]   Search failed for 'Deloitte consulting leadership summit 2025': Exception occurred in previous call.
2026-06-29 08:32:41,996 [INFO]   Query 45/50: EY strategy transformation conference 2025
2026-06-29 08:32:41,996 [WARNING]   Search failed for 'EY strategy transformation conference 2025': Exception occurred in previous call.
2026-06-29 08:32:43,496 [INFO]   Query 46/50: CII industry leadership summit India 2025
2026-06-29 08:32:43,496 [WARNING]   Search failed for 'CII industry leadership summit India 2025': Exception occurred in previous call.
2026-06-29 08:32:44,996 [INFO]   Query 47/50: SHRM HR leadership conference 2025
2026-06-29 08:32:44,996 [WARNING]   Search failed for 'SHRM HR leadership conference 2025': Exception occurred in previous call.
2026-06-29 08:32:46,497 [INFO]   Query 48/50: People Matters HR summit 2025
2026-06-29 08:32:46,497 [WARNING]   Search failed for 'People Matters HR summit 2025': Exception occurred in previous call.
2026-06-29 08:32:47,997 [INFO]   Query 49/50: ETHRWorld HR transformation summit 2025
2026-06-29 08:32:47,997 [WARNING]   Search failed for 'ETHRWorld HR transformation summit 2025': Exception occurred in previous call.
2026-06-29 08:32:49,497 [INFO]   Query 50/50: CHRO chief HR officer leadership forum 2025
2026-06-29 08:32:49,498 [WARNING]   Search failed for 'CHRO chief HR officer leadership forum 2025': Exception occurred in previous call.
2026-06-29 08:32:50,998 [INFO] PHASE 1 complete — 0 unique URLs collected.
2026-06-29 08:32:50,998 [INFO] PHASE 2 — Extracting event details from 0 pages …
2026-06-29 08:32:50,998 [INFO] PHASE 2 complete — 0 events scored ≥6.
2026-06-29 08:32:50,998 [INFO] PHASE 3 — Updating Excel: HARTS_Events.xlsx
2026-06-29 08:32:51,002 [INFO]   Loaded existing file (0 rows).
2026-06-29 08:32:51,006 [INFO] PHASE 3 complete — 0 new events added.
2026-06-29 08:32:51,006 [INFO] PHASE 4 — M365 reminders are currently disabled.
2026-06-29 08:32:51,007 [INFO] 
============================================================
  HARTS Event Scout — Run Summary
  Date       : 29 June 2026
  New events : 0
  Errors     : 0
============================================================

2026-07-06 08:01:24,558 [INFO] ============================================================
2026-07-06 08:01:24,559 [INFO] HARTS Event Scout starting — 2026-07-06
2026-07-06 08:01:24,559 [INFO] ============================================================
2026-07-06 08:01:24,559 [INFO] PHASE 1 — Discovering URLs across 50 queries …
2026-07-06 08:01:24,559 [WARNING] Impersonate 'chrome_114' does not exist, using 'random'
2026-07-06 08:01:24,564 [INFO]   Query 01/50: GCC Global Capability Center conference 2025 India
2026-07-06 08:01:24,685 [INFO] response: https://duckduckgo.com/ 202
2026-07-06 08:01:24,691 [WARNING]   Search failed for 'GCC Global Capability Center conference 2025 India': https://duckduckgo.com/ 202 Ratelimit
2026-07-06 08:01:26,191 [INFO]   Query 02/50: Global Capability Center summit leadership 2025
2026-07-06 08:01:26,191 [WARNING]   Search failed for 'Global Capability Center summit leadership 2025': Exception occurred in previous call.
2026-07-06 08:01:27,691 [INFO]   Query 03/50: NASSCOM GCC summit 2025
2026-07-06 08:01:27,691 [WARNING]   Search failed for 'NASSCOM GCC summit 2025': Exception occurred in previous call.
2026-07-06 08:01:29,192 [INFO]   Query 04/50: Shared Services conference summit 2025
2026-07-06 08:01:29,192 [WARNING]   Search failed for 'Shared Services conference summit 2025': Exception occurred in previous call.
2026-07-06 08:01:30,692 [INFO]   Query 05/50: SSON Shared Services excellence conference 2025
2026-07-06 08:01:30,692 [WARNING]   Search failed for 'SSON Shared Services excellence conference 2025': Exception occurred in previous call.
2026-07-06 08:01:32,192 [INFO]   Query 06/50: Global Business Services GBS summit 2025
2026-07-06 08:01:32,192 [WARNING]   Search failed for 'Global Business Services GBS summit 2025': Exception occurred in previous call.
2026-07-06 08:01:33,693 [INFO]   Query 07/50: GCC operating model strategy forum 2025
2026-07-06 08:01:33,693 [WARNING]   Search failed for 'GCC operating model strategy forum 2025': Exception occurred in previous call.
2026-07-06 08:01:35,193 [INFO]   Query 08/50: Global In-house Center conference India 2025
2026-07-06 08:01:35,193 [WARNING]   Search failed for 'Global In-house Center conference India 2025': Exception occurred in previous call.
2026-07-06 08:01:36,693 [INFO]   Query 09/50: GCC scaling leadership forum Asia 2025
2026-07-06 08:01:36,694 [WARNING]   Search failed for 'GCC scaling leadership forum Asia 2025': Exception occurred in previous call.
2026-07-06 08:01:38,194 [INFO]   Query 10/50: Shared Services transformation conference 2025
2026-07-06 08:01:38,194 [WARNING]   Search failed for 'Shared Services transformation conference 2025': Exception occurred in previous call.
2026-07-06 08:01:39,694 [INFO]   Query 11/50: GBS delivery model conference 2025
2026-07-06 08:01:39,694 [WARNING]   Search failed for 'GBS delivery model conference 2025': Exception occurred in previous call.
2026-07-06 08:01:41,195 [INFO]   Query 12/50: GCC India Bangalore Hyderabad summit 2025
2026-07-06 08:01:41,195 [WARNING]   Search failed for 'GCC India Bangalore Hyderabad summit 2025': Exception occurred in previous call.
2026-07-06 08:01:42,695 [INFO]   Query 13/50: Organization Design conference 2025
2026-07-06 08:01:42,695 [WARNING]   Search failed for 'Organization Design conference 2025': Exception occurred in previous call.
2026-07-06 08:01:44,195 [INFO]   Query 14/50: Operating model transformation summit 2025
2026-07-06 08:01:44,196 [WARNING]   Search failed for 'Operating model transformation summit 2025': Exception occurred in previous call.
2026-07-06 08:01:45,696 [INFO]   Query 15/50: Enterprise transformation conference 2025
2026-07-06 08:01:45,696 [WARNING]   Search failed for 'Enterprise transformation conference 2025': Exception occurred in previous call.
2026-07-06 08:01:47,196 [INFO]   Query 16/50: Organizational effectiveness leadership forum 2025
2026-07-06 08:01:47,196 [WARNING]   Search failed for 'Organizational effectiveness leadership forum 2025': Exception occurred in previous call.
2026-07-06 08:01:48,697 [INFO]   Query 17/50: Change management conference senior leadership 2025
2026-07-06 08:01:48,697 [WARNING]   Search failed for 'Change management conference senior leadership 2025': Exception occurred in previous call.
2026-07-06 08:01:50,197 [INFO]   Query 18/50: OD organizational development conference 2025
2026-07-06 08:01:50,197 [WARNING]   Search failed for 'OD organizational development conference 2025': Exception occurred in previous call.
2026-07-06 08:01:51,697 [INFO]   Query 19/50: Enterprise restructuring transformation summit 2025
2026-07-06 08:01:51,697 [WARNING]   Search failed for 'Enterprise restructuring transformation summit 2025': Exception occurred in previous call.
2026-07-06 08:01:53,198 [INFO]   Query 20/50: Business transformation conference CXO 2025
2026-07-06 08:01:53,198 [WARNING]   Search failed for 'Business transformation conference CXO 2025': Exception occurred in previous call.
2026-07-06 08:01:54,698 [INFO]   Query 21/50: Centre of Excellence setup strategy conference 2025
2026-07-06 08:01:54,698 [WARNING]   Search failed for 'Centre of Excellence setup strategy conference 2025': Exception occurred in previous call.
2026-07-06 08:01:56,198 [INFO]   Query 22/50: Enterprise capability building COE summit 2025
2026-07-06 08:01:56,199 [WARNING]   Search failed for 'Enterprise capability building COE summit 2025': Exception occurred in previous call.
2026-07-06 08:01:57,699 [INFO]   Query 23/50: COE strategy leadership forum 2025
2026-07-06 08:01:57,699 [WARNING]   Search failed for 'COE strategy leadership forum 2025': Exception occurred in previous call.
2026-07-06 08:01:59,199 [INFO]   Query 24/50: Center of Excellence governance conference 2025
2026-07-06 08:01:59,200 [WARNING]   Search failed for 'Center of Excellence governance conference 2025': Exception occurred in previous call.
2026-07-06 08:02:00,700 [INFO]   Query 25/50: Post merger integration conference 2025
2026-07-06 08:02:00,700 [WARNING]   Search failed for 'Post merger integration conference 2025': Exception occurred in previous call.
2026-07-06 08:02:02,200 [INFO]   Query 26/50: M&A integration summit leadership 2025
2026-07-06 08:02:02,200 [WARNING]   Search failed for 'M&A integration summit leadership 2025': Exception occurred in previous call.
2026-07-06 08:02:03,700 [INFO]   Query 27/50: Corporate restructuring conference 2025
2026-07-06 08:02:03,701 [WARNING]   Search failed for 'Corporate restructuring conference 2025': Exception occurred in previous call.
2026-07-06 08:02:05,201 [INFO]   Query 28/50: M&A value creation leadership forum 2025
2026-07-06 08:02:05,201 [WARNING]   Search failed for 'M&A value creation leadership forum 2025': Exception occurred in previous call.
2026-07-06 08:02:06,701 [INFO]   Query 29/50: Post acquisition integration strategy conference 2025
2026-07-06 08:02:06,701 [WARNING]   Search failed for 'Post acquisition integration strategy conference 2025': Exception occurred in previous call.
2026-07-06 08:02:08,202 [INFO]   Query 30/50: Enterprise integration management summit 2025
2026-07-06 08:02:08,202 [WARNING]   Search failed for 'Enterprise integration management summit 2025': Exception occurred in previous call.
2026-07-06 08:02:09,702 [INFO]   Query 31/50: RPO recruitment process outsourcing summit 2025
2026-07-06 08:02:09,702 [WARNING]   Search failed for 'RPO recruitment process outsourcing summit 2025': Exception occurred in previous call.
2026-07-06 08:02:11,202 [INFO]   Query 32/50: Talent acquisition leadership forum 2025
2026-07-06 08:02:11,203 [WARNING]   Search failed for 'Talent acquisition leadership forum 2025': Exception occurred in previous call.
2026-07-06 08:02:12,703 [INFO]   Query 33/50: Recruitment as a Service conference 2025
2026-07-06 08:02:12,703 [WARNING]   Search failed for 'Recruitment as a Service conference 2025': Exception occurred in previous call.
2026-07-06 08:02:14,203 [INFO]   Query 34/50: HR talent strategy conference 2025
2026-07-06 08:02:14,203 [WARNING]   Search failed for 'HR talent strategy conference 2025': Exception occurred in previous call.
2026-07-06 08:02:15,704 [INFO]   Query 35/50: Workforce planning leadership summit 2025
2026-07-06 08:02:15,704 [WARNING]   Search failed for 'Workforce planning leadership summit 2025': Exception occurred in previous call.
2026-07-06 08:02:17,204 [INFO]   Query 36/50: Executive coaching conference ICF 2025
2026-07-06 08:02:17,204 [WARNING]   Search failed for 'Executive coaching conference ICF 2025': Exception occurred in previous call.
2026-07-06 08:02:18,704 [INFO]   Query 37/50: Board advisory leadership summit 2025
2026-07-06 08:02:18,704 [WARNING]   Search failed for 'Board advisory leadership summit 2025': Exception occurred in previous call.
2026-07-06 08:02:20,205 [INFO]   Query 38/50: C-suite CXO strategy leadership forum 2025
2026-07-06 08:02:20,205 [WARNING]   Search failed for 'C-suite CXO strategy leadership forum 2025': Exception occurred in previous call.
2026-07-06 08:02:21,705 [INFO]   Query 39/50: Senior executive leadership development summit 2025
2026-07-06 08:02:21,705 [WARNING]   Search failed for 'Senior executive leadership development summit 2025': Exception occurred in previous call.
2026-07-06 08:02:23,205 [INFO]   Query 40/50: Board governance directors conference 2025
2026-07-06 08:02:23,206 [WARNING]   Search failed for 'Board governance directors conference 2025': Exception occurred in previous call.
2026-07-06 08:02:24,706 [INFO]   Query 41/50: Executive leadership coaching forum 2025
2026-07-06 08:02:24,706 [WARNING]   Search failed for 'Executive leadership coaching forum 2025': Exception occurred in previous call.
2026-07-06 08:02:26,206 [INFO]   Query 42/50: Everest Group analyst summit outsourcing 2025
2026-07-06 08:02:26,206 [WARNING]   Search failed for 'Everest Group analyst summit outsourcing 2025': Exception occurred in previous call.
2026-07-06 08:02:27,706 [INFO]   Query 43/50: ISG outsourcing summit 2025
2026-07-06 08:02:27,707 [WARNING]   Search failed for 'ISG outsourcing summit 2025': Exception occurred in previous call.
2026-07-06 08:02:29,207 [INFO]   Query 44/50: Deloitte consulting leadership summit 2025
2026-07-06 08:02:29,207 [WARNING]   Search failed for 'Deloitte consulting leadership summit 2025': Exception occurred in previous call.
2026-07-06 08:02:30,707 [INFO]   Query 45/50: EY strategy transformation conference 2025
2026-07-06 08:02:30,707 [WARNING]   Search failed for 'EY strategy transformation conference 2025': Exception occurred in previous call.
2026-07-06 08:02:32,208 [INFO]   Query 46/50: CII industry leadership summit India 2025
2026-07-06 08:02:32,208 [WARNING]   Search failed for 'CII industry leadership summit India 2025': Exception occurred in previous call.
2026-07-06 08:02:33,708 [INFO]   Query 47/50: SHRM HR leadership conference 2025
2026-07-06 08:02:33,708 [WARNING]   Search failed for 'SHRM HR leadership conference 2025': Exception occurred in previous call.
2026-07-06 08:02:35,208 [INFO]   Query 48/50: People Matters HR summit 2025
2026-07-06 08:02:35,208 [WARNING]   Search failed for 'People Matters HR summit 2025': Exception occurred in previous call.
2026-07-06 08:02:36,709 [INFO]   Query 49/50: ETHRWorld HR transformation summit 2025
2026-07-06 08:02:36,709 [WARNING]   Search failed for 'ETHRWorld HR transformation summit 2025': Exception occurred in previous call.
2026-07-06 08:02:38,209 [INFO]   Query 50/50: CHRO chief HR officer leadership forum 2025
2026-07-06 08:02:38,209 [WARNING]   Search failed for 'CHRO chief HR officer leadership forum 2025': Exception occurred in previous call.
2026-07-06 08:02:39,709 [INFO] PHASE 1 complete — 0 unique URLs collected.
2026-07-06 08:02:39,710 [INFO] PHASE 2 — Extracting event details from 0 pages …
2026-07-06 08:02:39,710 [INFO] PHASE 2 complete — 0 events scored ≥6.
2026-07-06 08:02:39,710 [INFO] PHASE 3 — Updating Excel: HARTS_Events.xlsx
2026-07-06 08:02:39,714 [INFO]   Loaded existing file (0 rows).
2026-07-06 08:02:39,718 [INFO] PHASE 3 complete — 0 new events added.
2026-07-06 08:02:39,718 [INFO] PHASE 4 — M365 reminders are currently disabled.
2026-07-06 08:02:39,718 [INFO] 
============================================================
  HARTS Event Scout — Run Summary
  Date       : 06 July 2026
  New events : 0
  Errors     : 0
============================================================

2026-07-13 06:36:59,971 [INFO] ============================================================
2026-07-13 06:36:59,971 [INFO] HARTS Event Scout starting — 2026-07-13
2026-07-13 06:36:59,972 [INFO] ============================================================
2026-07-13 06:36:59,972 [INFO] PHASE 1 — Discovering URLs across 50 queries …
2026-07-13 06:36:59,972 [WARNING] Impersonate 'chrome_119' does not exist, using 'random'
2026-07-13 06:36:59,977 [INFO]   Query 01/50: GCC Global Capability Center conference 2025 India
2026-07-13 06:37:00,096 [INFO] response: https://duckduckgo.com/ 202
2026-07-13 06:37:00,096 [WARNING]   Search failed for 'GCC Global Capability Center conference 2025 India': https://duckduckgo.com/ 202 Ratelimit
2026-07-13 06:37:01,596 [INFO]   Query 02/50: Global Capability Center summit leadership 2025
2026-07-13 06:37:01,596 [WARNING]   Search failed for 'Global Capability Center summit leadership 2025': Exception occurred in previous call.
2026-07-13 06:37:03,097 [INFO]   Query 03/50: NASSCOM GCC summit 2025
2026-07-13 06:37:03,097 [WARNING]   Search failed for 'NASSCOM GCC summit 2025': Exception occurred in previous call.
2026-07-13 06:37:04,597 [INFO]   Query 04/50: Shared Services conference summit 2025
2026-07-13 06:37:04,597 [WARNING]   Search failed for 'Shared Services conference summit 2025': Exception occurred in previous call.
2026-07-13 06:37:06,097 [INFO]   Query 05/50: SSON Shared Services excellence conference 2025
2026-07-13 06:37:06,098 [WARNING]   Search failed for 'SSON Shared Services excellence conference 2025': Exception occurred in previous call.
2026-07-13 06:37:07,598 [INFO]   Query 06/50: Global Business Services GBS summit 2025
2026-07-13 06:37:07,598 [WARNING]   Search failed for 'Global Business Services GBS summit 2025': Exception occurred in previous call.
2026-07-13 06:37:09,098 [INFO]   Query 07/50: GCC operating model strategy forum 2025
2026-07-13 06:37:09,098 [WARNING]   Search failed for 'GCC operating model strategy forum 2025': Exception occurred in previous call.
2026-07-13 06:37:10,599 [INFO]   Query 08/50: Global In-house Center conference India 2025
2026-07-13 06:37:10,599 [WARNING]   Search failed for 'Global In-house Center conference India 2025': Exception occurred in previous call.
2026-07-13 06:37:12,099 [INFO]   Query 09/50: GCC scaling leadership forum Asia 2025
2026-07-13 06:37:12,099 [WARNING]   Search failed for 'GCC scaling leadership forum Asia 2025': Exception occurred in previous call.
2026-07-13 06:37:13,599 [INFO]   Query 10/50: Shared Services transformation conference 2025
2026-07-13 06:37:13,600 [WARNING]   Search failed for 'Shared Services transformation conference 2025': Exception occurred in previous call.
2026-07-13 06:37:15,100 [INFO]   Query 11/50: GBS delivery model conference 2025
2026-07-13 06:37:15,100 [WARNING]   Search failed for 'GBS delivery model conference 2025': Exception occurred in previous call.
2026-07-13 06:37:16,600 [INFO]   Query 12/50: GCC India Bangalore Hyderabad summit 2025
2026-07-13 06:37:16,600 [WARNING]   Search failed for 'GCC India Bangalore Hyderabad summit 2025': Exception occurred in previous call.
2026-07-13 06:37:18,101 [INFO]   Query 13/50: Organization Design conference 2025
2026-07-13 06:37:18,101 [WARNING]   Search failed for 'Organization Design conference 2025': Exception occurred in previous call.
2026-07-13 06:37:19,601 [INFO]   Query 14/50: Operating model transformation summit 2025
2026-07-13 06:37:19,601 [WARNING]   Search failed for 'Operating model transformation summit 2025': Exception occurred in previous call.
2026-07-13 06:37:21,101 [INFO]   Query 15/50: Enterprise transformation conference 2025
2026-07-13 06:37:21,101 [WARNING]   Search failed for 'Enterprise transformation conference 2025': Exception occurred in previous call.
2026-07-13 06:37:22,602 [INFO]   Query 16/50: Organizational effectiveness leadership forum 2025
2026-07-13 06:37:22,602 [WARNING]   Search failed for 'Organizational effectiveness leadership forum 2025': Exception occurred in previous call.
2026-07-13 06:37:24,102 [INFO]   Query 17/50: Change management conference senior leadership 2025
2026-07-13 06:37:24,102 [WARNING]   Search failed for 'Change management conference senior leadership 2025': Exception occurred in previous call.
2026-07-13 06:37:25,602 [INFO]   Query 18/50: OD organizational development conference 2025
2026-07-13 06:37:25,603 [WARNING]   Search failed for 'OD organizational development conference 2025': Exception occurred in previous call.
2026-07-13 06:37:27,103 [INFO]   Query 19/50: Enterprise restructuring transformation summit 2025
2026-07-13 06:37:27,103 [WARNING]   Search failed for 'Enterprise restructuring transformation summit 2025': Exception occurred in previous call.
2026-07-13 06:37:28,603 [INFO]   Query 20/50: Business transformation conference CXO 2025
2026-07-13 06:37:28,603 [WARNING]   Search failed for 'Business transformation conference CXO 2025': Exception occurred in previous call.
2026-07-13 06:37:30,104 [INFO]   Query 21/50: Centre of Excellence setup strategy conference 2025
2026-07-13 06:37:30,104 [WARNING]   Search failed for 'Centre of Excellence setup strategy conference 2025': Exception occurred in previous call.
2026-07-13 06:37:31,604 [INFO]   Query 22/50: Enterprise capability building COE summit 2025
2026-07-13 06:37:31,604 [WARNING]   Search failed for 'Enterprise capability building COE summit 2025': Exception occurred in previous call.
2026-07-13 06:37:33,104 [INFO]   Query 23/50: COE strategy leadership forum 2025
2026-07-13 06:37:33,105 [WARNING]   Search failed for 'COE strategy leadership forum 2025': Exception occurred in previous call.
2026-07-13 06:37:34,605 [INFO]   Query 24/50: Center of Excellence governance conference 2025
2026-07-13 06:37:34,605 [WARNING]   Search failed for 'Center of Excellence governance conference 2025': Exception occurred in previous call.
2026-07-13 06:37:36,105 [INFO]   Query 25/50: Post merger integration conference 2025
2026-07-13 06:37:36,105 [WARNING]   Search failed for 'Post merger integration conference 2025': Exception occurred in previous call.
2026-07-13 06:37:37,606 [INFO]   Query 26/50: M&A integration summit leadership 2025
2026-07-13 06:37:37,606 [WARNING]   Search failed for 'M&A integration summit leadership 2025': Exception occurred in previous call.
2026-07-13 06:37:39,106 [INFO]   Query 27/50: Corporate restructuring conference 2025
2026-07-13 06:37:39,106 [WARNING]   Search failed for 'Corporate restructuring conference 2025': Exception occurred in previous call.
2026-07-13 06:37:40,606 [INFO]   Query 28/50: M&A value creation leadership forum 2025
2026-07-13 06:37:40,607 [WARNING]   Search failed for 'M&A value creation leadership forum 2025': Exception occurred in previous call.
2026-07-13 06:37:42,107 [INFO]   Query 29/50: Post acquisition integration strategy conference 2025
2026-07-13 06:37:42,107 [WARNING]   Search failed for 'Post acquisition integration strategy conference 2025': Exception occurred in previous call.
2026-07-13 06:37:43,607 [INFO]   Query 30/50: Enterprise integration management summit 2025
2026-07-13 06:37:43,607 [WARNING]   Search failed for 'Enterprise integration management summit 2025': Exception occurred in previous call.
2026-07-13 06:37:45,108 [INFO]   Query 31/50: RPO recruitment process outsourcing summit 2025
2026-07-13 06:37:45,108 [WARNING]   Search failed for 'RPO recruitment process outsourcing summit 2025': Exception occurred in previous call.
2026-07-13 06:37:46,608 [INFO]   Query 32/50: Talent acquisition leadership forum 2025
2026-07-13 06:37:46,608 [WARNING]   Search failed for 'Talent acquisition leadership forum 2025': Exception occurred in previous call.
2026-07-13 06:37:48,108 [INFO]   Query 33/50: Recruitment as a Service conference 2025
2026-07-13 06:37:48,108 [WARNING]   Search failed for 'Recruitment as a Service conference 2025': Exception occurred in previous call.
2026-07-13 06:37:49,609 [INFO]   Query 34/50: HR talent strategy conference 2025
2026-07-13 06:37:49,609 [WARNING]   Search failed for 'HR talent strategy conference 2025': Exception occurred in previous call.
2026-07-13 06:37:51,109 [INFO]   Query 35/50: Workforce planning leadership summit 2025
2026-07-13 06:37:51,109 [WARNING]   Search failed for 'Workforce planning leadership summit 2025': Exception occurred in previous call.
2026-07-13 06:37:52,609 [INFO]   Query 36/50: Executive coaching conference ICF 2025
2026-07-13 06:37:52,610 [WARNING]   Search failed for 'Executive coaching conference ICF 2025': Exception occurred in previous call.
2026-07-13 06:37:54,110 [INFO]   Query 37/50: Board advisory leadership summit 2025
2026-07-13 06:37:54,110 [WARNING]   Search failed for 'Board advisory leadership summit 2025': Exception occurred in previous call.
2026-07-13 06:37:55,610 [INFO]   Query 38/50: C-suite CXO strategy leadership forum 2025
2026-07-13 06:37:55,610 [WARNING]   Search failed for 'C-suite CXO strategy leadership forum 2025': Exception occurred in previous call.
2026-07-13 06:37:57,111 [INFO]   Query 39/50: Senior executive leadership development summit 2025
2026-07-13 06:37:57,111 [WARNING]   Search failed for 'Senior executive leadership development summit 2025': Exception occurred in previous call.
2026-07-13 06:37:58,611 [INFO]   Query 40/50: Board governance directors conference 2025
2026-07-13 06:37:58,611 [WARNING]   Search failed for 'Board governance directors conference 2025': Exception occurred in previous call.
2026-07-13 06:38:00,111 [INFO]   Query 41/50: Executive leadership coaching forum 2025
2026-07-13 06:38:00,111 [WARNING]   Search failed for 'Executive leadership coaching forum 2025': Exception occurred in previous call.
2026-07-13 06:38:01,612 [INFO]   Query 42/50: Everest Group analyst summit outsourcing 2025
2026-07-13 06:38:01,612 [WARNING]   Search failed for 'Everest Group analyst summit outsourcing 2025': Exception occurred in previous call.
2026-07-13 06:38:03,113 [INFO]   Query 43/50: ISG outsourcing summit 2025
2026-07-13 06:38:03,113 [WARNING]   Search failed for 'ISG outsourcing summit 2025': Exception occurred in previous call.
2026-07-13 06:38:04,613 [INFO]   Query 44/50: Deloitte consulting leadership summit 2025
2026-07-13 06:38:04,613 [WARNING]   Search failed for 'Deloitte consulting leadership summit 2025': Exception occurred in previous call.
2026-07-13 06:38:06,113 [INFO]   Query 45/50: EY strategy transformation conference 2025
2026-07-13 06:38:06,114 [WARNING]   Search failed for 'EY strategy transformation conference 2025': Exception occurred in previous call.
2026-07-13 06:38:07,614 [INFO]   Query 46/50: CII industry leadership summit India 2025
2026-07-13 06:38:07,614 [WARNING]   Search failed for 'CII industry leadership summit India 2025': Exception occurred in previous call.
2026-07-13 06:38:09,114 [INFO]   Query 47/50: SHRM HR leadership conference 2025
2026-07-13 06:38:09,114 [WARNING]   Search failed for 'SHRM HR leadership conference 2025': Exception occurred in previous call.
2026-07-13 06:38:10,615 [INFO]   Query 48/50: People Matters HR summit 2025
2026-07-13 06:38:10,615 [WARNING]   Search failed for 'People Matters HR summit 2025': Exception occurred in previous call.
2026-07-13 06:38:12,115 [INFO]   Query 49/50: ETHRWorld HR transformation summit 2025
2026-07-13 06:38:12,115 [WARNING]   Search failed for 'ETHRWorld HR transformation summit 2025': Exception occurred in previous call.
2026-07-13 06:38:13,615 [INFO]   Query 50/50: CHRO chief HR officer leadership forum 2025
2026-07-13 06:38:13,616 [WARNING]   Search failed for 'CHRO chief HR officer leadership forum 2025': Exception occurred in previous call.
2026-07-13 06:38:15,116 [INFO] PHASE 1 complete — 0 unique URLs collected.
2026-07-13 06:38:15,116 [INFO] PHASE 2 — Extracting event details from 0 pages …
2026-07-13 06:38:15,116 [INFO] PHASE 2 complete — 0 events scored ≥6.
2026-07-13 06:38:15,116 [INFO] PHASE 3 — Updating Excel: HARTS_Events.xlsx
2026-07-13 06:38:15,121 [INFO]   Loaded existing file (0 rows).
2026-07-13 06:38:15,125 [INFO] PHASE 3 complete — 0 new events added.
2026-07-13 06:38:15,125 [INFO] PHASE 4 — M365 reminders are currently disabled.
2026-07-13 06:38:15,125 [INFO] 
============================================================
  HARTS Event Scout — Run Summary
  Date       : 13 July 2026
  New events : 0
  Errors     : 0
============================================================

2026-07-20 06:31:58,906 [INFO] ============================================================
2026-07-20 06:31:58,906 [INFO] HARTS Event Scout starting — 2026-07-20
2026-07-20 06:31:58,906 [INFO] ============================================================
2026-07-20 06:31:58,906 [INFO] PHASE 1 — Discovering URLs across 50 queries …
2026-07-20 06:31:58,906 [WARNING] Impersonate 'edge_101' does not exist, using 'random'
2026-07-20 06:31:58,910 [INFO]   Query 01/50: GCC Global Capability Center conference 2025 India
2026-07-20 06:31:59,151 [INFO] response: https://duckduckgo.com/ 202
2026-07-20 06:31:59,187 [WARNING]   Search failed for 'GCC Global Capability Center conference 2025 India': https://duckduckgo.com/ 202 Ratelimit
2026-07-20 06:32:00,688 [INFO]   Query 02/50: Global Capability Center summit leadership 2025
2026-07-20 06:32:00,688 [WARNING]   Search failed for 'Global Capability Center summit leadership 2025': Exception occurred in previous call.
2026-07-20 06:32:02,188 [INFO]   Query 03/50: NASSCOM GCC summit 2025
2026-07-20 06:32:02,188 [WARNING]   Search failed for 'NASSCOM GCC summit 2025': Exception occurred in previous call.
2026-07-20 06:32:03,688 [INFO]   Query 04/50: Shared Services conference summit 2025
2026-07-20 06:32:03,689 [WARNING]   Search failed for 'Shared Services conference summit 2025': Exception occurred in previous call.
2026-07-20 06:32:05,189 [INFO]   Query 05/50: SSON Shared Services excellence conference 2025
2026-07-20 06:32:05,189 [WARNING]   Search failed for 'SSON Shared Services excellence conference 2025': Exception occurred in previous call.
2026-07-20 06:32:06,689 [INFO]   Query 06/50: Global Business Services GBS summit 2025
2026-07-20 06:32:06,689 [WARNING]   Search failed for 'Global Business Services GBS summit 2025': Exception occurred in previous call.
2026-07-20 06:32:08,190 [INFO]   Query 07/50: GCC operating model strategy forum 2025
2026-07-20 06:32:08,190 [WARNING]   Search failed for 'GCC operating model strategy forum 2025': Exception occurred in previous call.
2026-07-20 06:32:09,690 [INFO]   Query 08/50: Global In-house Center conference India 2025
2026-07-20 06:32:09,691 [WARNING]   Search failed for 'Global In-house Center conference India 2025': Exception occurred in previous call.
2026-07-20 06:32:11,191 [INFO]   Query 09/50: GCC scaling leadership forum Asia 2025
2026-07-20 06:32:11,191 [WARNING]   Search failed for 'GCC scaling leadership forum Asia 2025': Exception occurred in previous call.
2026-07-20 06:32:12,691 [INFO]   Query 10/50: Shared Services transformation conference 2025
2026-07-20 06:32:12,691 [WARNING]   Search failed for 'Shared Services transformation conference 2025': Exception occurred in previous call.
2026-07-20 06:32:14,192 [INFO]   Query 11/50: GBS delivery model conference 2025
2026-07-20 06:32:14,192 [WARNING]   Search failed for 'GBS delivery model conference 2025': Exception occurred in previous call.
2026-07-20 06:32:15,692 [INFO]   Query 12/50: GCC India Bangalore Hyderabad summit 2025
2026-07-20 06:32:15,692 [WARNING]   Search failed for 'GCC India Bangalore Hyderabad summit 2025': Exception occurred in previous call.
2026-07-20 06:32:17,192 [INFO]   Query 13/50: Organization Design conference 2025
2026-07-20 06:32:17,192 [WARNING]   Search failed for 'Organization Design conference 2025': Exception occurred in previous call.
2026-07-20 06:32:18,693 [INFO]   Query 14/50: Operating model transformation summit 2025
2026-07-20 06:32:18,693 [WARNING]   Search failed for 'Operating model transformation summit 2025': Exception occurred in previous call.
2026-07-20 06:32:20,193 [INFO]   Query 15/50: Enterprise transformation conference 2025
2026-07-20 06:32:20,193 [WARNING]   Search failed for 'Enterprise transformation conference 2025': Exception occurred in previous call.
2026-07-20 06:32:21,693 [INFO]   Query 16/50: Organizational effectiveness leadership forum 2025
2026-07-20 06:32:21,694 [WARNING]   Search failed for 'Organizational effectiveness leadership forum 2025': Exception occurred in previous call.
2026-07-20 06:32:23,194 [INFO]   Query 17/50: Change management conference senior leadership 2025
2026-07-20 06:32:23,194 [WARNING]   Search failed for 'Change management conference senior leadership 2025': Exception occurred in previous call.
2026-07-20 06:32:24,694 [INFO]   Query 18/50: OD organizational development conference 2025
2026-07-20 06:32:24,694 [WARNING]   Search failed for 'OD organizational development conference 2025': Exception occurred in previous call.
2026-07-20 06:32:26,194 [INFO]   Query 19/50: Enterprise restructuring transformation summit 2025
2026-07-20 06:32:26,195 [WARNING]   Search failed for 'Enterprise restructuring transformation summit 2025': Exception occurred in previous call.
2026-07-20 06:32:27,695 [INFO]   Query 20/50: Business transformation conference CXO 2025
2026-07-20 06:32:27,695 [WARNING]   Search failed for 'Business transformation conference CXO 2025': Exception occurred in previous call.
2026-07-20 06:32:29,195 [INFO]   Query 21/50: Centre of Excellence setup strategy conference 2025
2026-07-20 06:32:29,195 [WARNING]   Search failed for 'Centre of Excellence setup strategy conference 2025': Exception occurred in previous call.
2026-07-20 06:32:30,696 [INFO]   Query 22/50: Enterprise capability building COE summit 2025
2026-07-20 06:32:30,696 [WARNING]   Search failed for 'Enterprise capability building COE summit 2025': Exception occurred in previous call.
2026-07-20 06:32:32,196 [INFO]   Query 23/50: COE strategy leadership forum 2025
2026-07-20 06:32:32,196 [WARNING]   Search failed for 'COE strategy leadership forum 2025': Exception occurred in previous call.
2026-07-20 06:32:33,696 [INFO]   Query 24/50: Center of Excellence governance conference 2025
2026-07-20 06:32:33,697 [WARNING]   Search failed for 'Center of Excellence governance conference 2025': Exception occurred in previous call.
2026-07-20 06:32:35,197 [INFO]   Query 25/50: Post merger integration conference 2025
2026-07-20 06:32:35,197 [WARNING]   Search failed for 'Post merger integration conference 2025': Exception occurred in previous call.
2026-07-20 06:32:36,697 [INFO]   Query 26/50: M&A integration summit leadership 2025
2026-07-20 06:32:36,697 [WARNING]   Search failed for 'M&A integration summit leadership 2025': Exception occurred in previous call.
2026-07-20 06:32:38,197 [INFO]   Query 27/50: Corporate restructuring conference 2025
2026-07-20 06:32:38,198 [WARNING]   Search failed for 'Corporate restructuring conference 2025': Exception occurred in previous call.
2026-07-20 06:32:39,698 [INFO]   Query 28/50: M&A value creation leadership forum 2025
2026-07-20 06:32:39,698 [WARNING]   Search failed for 'M&A value creation leadership forum 2025': Exception occurred in previous call.
2026-07-20 06:32:41,198 [INFO]   Query 29/50: Post acquisition integration strategy conference 2025
2026-07-20 06:32:41,198 [WARNING]   Search failed for 'Post acquisition integration strategy conference 2025': Exception occurred in previous call.
2026-07-20 06:32:42,698 [INFO]   Query 30/50: Enterprise integration management summit 2025
2026-07-20 06:32:42,699 [WARNING]   Search failed for 'Enterprise integration management summit 2025': Exception occurred in previous call.
2026-07-20 06:32:44,199 [INFO]   Query 31/50: RPO recruitment process outsourcing summit 2025
2026-07-20 06:32:44,199 [WARNING]   Search failed for 'RPO recruitment process outsourcing summit 2025': Exception occurred in previous call.
2026-07-20 06:32:45,699 [INFO]   Query 32/50: Talent acquisition leadership forum 2025
2026-07-20 06:32:45,699 [WARNING]   Search failed for 'Talent acquisition leadership forum 2025': Exception occurred in previous call.
2026-07-20 06:32:47,200 [INFO]   Query 33/50: Recruitment as a Service conference 2025
2026-07-20 06:32:47,200 [WARNING]   Search failed for 'Recruitment as a Service conference 2025': Exception occurred in previous call.
2026-07-20 06:32:48,700 [INFO]   Query 34/50: HR talent strategy conference 2025
2026-07-20 06:32:48,700 [WARNING]   Search failed for 'HR talent strategy conference 2025': Exception occurred in previous call.
2026-07-20 06:32:50,200 [INFO]   Query 35/50: Workforce planning leadership summit 2025
2026-07-20 06:32:50,200 [WARNING]   Search failed for 'Workforce planning leadership summit 2025': Exception occurred in previous call.
2026-07-20 06:32:51,701 [INFO]   Query 36/50: Executive coaching conference ICF 2025
2026-07-20 06:32:51,701 [WARNING]   Search failed for 'Executive coaching conference ICF 2025': Exception occurred in previous call.
2026-07-20 06:32:53,201 [INFO]   Query 37/50: Board advisory leadership summit 2025
2026-07-20 06:32:53,201 [WARNING]   Search failed for 'Board advisory leadership summit 2025': Exception occurred in previous call.
2026-07-20 06:32:54,701 [INFO]   Query 38/50: C-suite CXO strategy leadership forum 2025
2026-07-20 06:32:54,701 [WARNING]   Search failed for 'C-suite CXO strategy leadership forum 2025': Exception occurred in previous call.
2026-07-20 06:32:56,202 [INFO]   Query 39/50: Senior executive leadership development summit 2025
2026-07-20 06:32:56,202 [WARNING]   Search failed for 'Senior executive leadership development summit 2025': Exception occurred in previous call.
2026-07-20 06:32:57,702 [INFO]   Query 40/50: Board governance directors conference 2025
2026-07-20 06:32:57,702 [WARNING]   Search failed for 'Board governance directors conference 2025': Exception occurred in previous call.
2026-07-20 06:32:59,203 [INFO]   Query 41/50: Executive leadership coaching forum 2025
2026-07-20 06:32:59,203 [WARNING]   Search failed for 'Executive leadership coaching forum 2025': Exception occurred in previous call.
2026-07-20 06:33:00,703 [INFO]   Query 42/50: Everest Group analyst summit outsourcing 2025
2026-07-20 06:33:00,703 [WARNING]   Search failed for 'Everest Group analyst summit outsourcing 2025': Exception occurred in previous call.
2026-07-20 06:33:02,203 [INFO]   Query 43/50: ISG outsourcing summit 2025
2026-07-20 06:33:02,204 [WARNING]   Search failed for 'ISG outsourcing summit 2025': Exception occurred in previous call.
2026-07-20 06:33:03,704 [INFO]   Query 44/50: Deloitte consulting leadership summit 2025
2026-07-20 06:33:03,704 [WARNING]   Search failed for 'Deloitte consulting leadership summit 2025': Exception occurred in previous call.
2026-07-20 06:33:05,204 [INFO]   Query 45/50: EY strategy transformation conference 2025
2026-07-20 06:33:05,204 [WARNING]   Search failed for 'EY strategy transformation conference 2025': Exception occurred in previous call.
2026-07-20 06:33:06,704 [INFO]   Query 46/50: CII industry leadership summit India 2025
2026-07-20 06:33:06,705 [WARNING]   Search failed for 'CII industry leadership summit India 2025': Exception occurred in previous call.
2026-07-20 06:33:08,205 [INFO]   Query 47/50: SHRM HR leadership conference 2025
2026-07-20 06:33:08,205 [WARNING]   Search failed for 'SHRM HR leadership conference 2025': Exception occurred in previous call.
2026-07-20 06:33:09,705 [INFO]   Query 48/50: People Matters HR summit 2025
2026-07-20 06:33:09,705 [WARNING]   Search failed for 'People Matters HR summit 2025': Exception occurred in previous call.
2026-07-20 06:33:11,206 [INFO]   Query 49/50: ETHRWorld HR transformation summit 2025
2026-07-20 06:33:11,206 [WARNING]   Search failed for 'ETHRWorld HR transformation summit 2025': Exception occurred in previous call.
2026-07-20 06:33:12,706 [INFO]   Query 50/50: CHRO chief HR officer leadership forum 2025
2026-07-20 06:33:12,706 [WARNING]   Search failed for 'CHRO chief HR officer leadership forum 2025': Exception occurred in previous call.
2026-07-20 06:33:14,206 [INFO] PHASE 1 complete — 0 unique URLs collected.
2026-07-20 06:33:14,207 [INFO] PHASE 2 — Extracting event details from 0 pages …
2026-07-20 06:33:14,207 [INFO] PHASE 2 complete — 0 events scored ≥6.
2026-07-20 06:33:14,207 [INFO] PHASE 3 — Updating Excel: HARTS_Events.xlsx
2026-07-20 06:33:14,212 [INFO]   Loaded existing file (0 rows).
2026-07-20 06:33:14,216 [INFO] PHASE 3 complete — 0 new events added.
2026-07-20 06:33:14,216 [INFO] PHASE 4 — M365 reminders are currently disabled.
2026-07-20 06:33:14,216 [INFO] 
============================================================
  HARTS Event Scout — Run Summary
  Date       : 20 July 2026
  New events : 0
  Errors     : 0
============================================================

2026-07-27 06:48:36,052 [INFO] ============================================================
2026-07-27 06:48:36,052 [INFO] HARTS Event Scout starting — 2026-07-27
2026-07-27 06:48:36,053 [INFO] ============================================================
2026-07-27 06:48:36,053 [INFO] PHASE 1 — Discovering URLs across 50 queries …
2026-07-27 06:48:36,053 [WARNING] Impersonate 'edge_127' does not exist, using 'random'
2026-07-27 06:48:36,058 [INFO]   Query 01/50: GCC Global Capability Center conference 2025 India
2026-07-27 06:48:36,246 [INFO] response: https://duckduckgo.com/ 200
2026-07-27 06:48:36,377 [INFO] response: https://links.duckduckgo.com/d.js?q=GCC+Global+Capability+Center+conference+2025+India&kl=wt-wt&l=wt-wt&p=&s=0&df=&vqd=4-275033351704728314579097913445079582167&bing_market=wt-WT&ex=-1 202
2026-07-27 06:48:36,377 [WARNING]   Search failed for 'GCC Global Capability Center conference 2025 India': https://links.duckduckgo.com/d.js?q=GCC+Global+Capability+Center+conference+2025+India&kl=wt-wt&l=wt-wt&p=&s=0&df=&vqd=4-275033351704728314579097913445079582167&bing_market=wt-WT&ex=-1 202 Ratelimit
2026-07-27 06:48:37,877 [INFO]   Query 02/50: Global Capability Center summit leadership 2025
2026-07-27 06:48:37,878 [WARNING]   Search failed for 'Global Capability Center summit leadership 2025': Exception occurred in previous call.
2026-07-27 06:48:39,378 [INFO]   Query 03/50: NASSCOM GCC summit 2025
2026-07-27 06:48:39,378 [WARNING]   Search failed for 'NASSCOM GCC summit 2025': Exception occurred in previous call.
2026-07-27 06:48:40,878 [INFO]   Query 04/50: Shared Services conference summit 2025
2026-07-27 06:48:40,878 [WARNING]   Search failed for 'Shared Services conference summit 2025': Exception occurred in previous call.
2026-07-27 06:48:42,379 [INFO]   Query 05/50: SSON Shared Services excellence conference 2025
2026-07-27 06:48:42,379 [WARNING]   Search failed for 'SSON Shared Services excellence conference 2025': Exception occurred in previous call.
2026-07-27 06:48:43,879 [INFO]   Query 06/50: Global Business Services GBS summit 2025
2026-07-27 06:48:43,879 [WARNING]   Search failed for 'Global Business Services GBS summit 2025': Exception occurred in previous call.
2026-07-27 06:48:45,380 [INFO]   Query 07/50: GCC operating model strategy forum 2025
2026-07-27 06:48:45,380 [WARNING]   Search failed for 'GCC operating model strategy forum 2025': Exception occurred in previous call.
2026-07-27 06:48:46,880 [INFO]   Query 08/50: Global In-house Center conference India 2025
2026-07-27 06:48:46,880 [WARNING]   Search failed for 'Global In-house Center conference India 2025': Exception occurred in previous call.
2026-07-27 06:48:48,380 [INFO]   Query 09/50: GCC scaling leadership forum Asia 2025
2026-07-27 06:48:48,380 [WARNING]   Search failed for 'GCC scaling leadership forum Asia 2025': Exception occurred in previous call.
2026-07-27 06:48:49,881 [INFO]   Query 10/50: Shared Services transformation conference 2025
2026-07-27 06:48:49,881 [WARNING]   Search failed for 'Shared Services transformation conference 2025': Exception occurred in previous call.
2026-07-27 06:48:51,381 [INFO]   Query 11/50: GBS delivery model conference 2025
2026-07-27 06:48:51,381 [WARNING]   Search failed for 'GBS delivery model conference 2025': Exception occurred in previous call.
2026-07-27 06:48:52,881 [INFO]   Query 12/50: GCC India Bangalore Hyderabad summit 2025
2026-07-27 06:48:52,882 [WARNING]   Search failed for 'GCC India Bangalore Hyderabad summit 2025': Exception occurred in previous call.
2026-07-27 06:48:54,382 [INFO]   Query 13/50: Organization Design conference 2025
2026-07-27 06:48:54,382 [WARNING]   Search failed for 'Organization Design conference 2025': Exception occurred in previous call.
2026-07-27 06:48:55,882 [INFO]   Query 14/50: Operating model transformation summit 2025
2026-07-27 06:48:55,882 [WARNING]   Search failed for 'Operating model transformation summit 2025': Exception occurred in previous call.
2026-07-27 06:48:57,383 [INFO]   Query 15/50: Enterprise transformation conference 2025
2026-07-27 06:48:57,383 [WARNING]   Search failed for 'Enterprise transformation conference 2025': Exception occurred in previous call.
2026-07-27 06:48:58,883 [INFO]   Query 16/50: Organizational effectiveness leadership forum 2025
2026-07-27 06:48:58,883 [WARNING]   Search failed for 'Organizational effectiveness leadership forum 2025': Exception occurred in previous call.
2026-07-27 06:49:00,383 [INFO]   Query 17/50: Change management conference senior leadership 2025
2026-07-27 06:49:00,384 [WARNING]   Search failed for 'Change management conference senior leadership 2025': Exception occurred in previous call.
2026-07-27 06:49:01,884 [INFO]   Query 18/50: OD organizational development conference 2025
2026-07-27 06:49:01,884 [WARNING]   Search failed for 'OD organizational development conference 2025': Exception occurred in previous call.
2026-07-27 06:49:03,384 [INFO]   Query 19/50: Enterprise restructuring transformation summit 2025
2026-07-27 06:49:03,384 [WARNING]   Search failed for 'Enterprise restructuring transformation summit 2025': Exception occurred in previous call.
2026-07-27 06:49:04,885 [INFO]   Query 20/50: Business transformation conference CXO 2025
2026-07-27 06:49:04,885 [WARNING]   Search failed for 'Business transformation conference CXO 2025': Exception occurred in previous call.
2026-07-27 06:49:06,385 [INFO]   Query 21/50: Centre of Excellence setup strategy conference 2025
2026-07-27 06:49:06,385 [WARNING]   Search failed for 'Centre of Excellence setup strategy conference 2025': Exception occurred in previous call.
2026-07-27 06:49:07,885 [INFO]   Query 22/50: Enterprise capability building COE summit 2025
2026-07-27 06:49:07,886 [WARNING]   Search failed for 'Enterprise capability building COE summit 2025': Exception occurred in previous call.
2026-07-27 06:49:09,386 [INFO]   Query 23/50: COE strategy leadership forum 2025
2026-07-27 06:49:09,386 [WARNING]   Search failed for 'COE strategy leadership forum 2025': Exception occurred in previous call.
2026-07-27 06:49:10,886 [INFO]   Query 24/50: Center of Excellence governance conference 2025
2026-07-27 06:49:10,886 [WARNING]   Search failed for 'Center of Excellence governance conference 2025': Exception occurred in previous call.
2026-07-27 06:49:12,387 [INFO]   Query 25/50: Post merger integration conference 2025
2026-07-27 06:49:12,387 [WARNING]   Search failed for 'Post merger integration conference 2025': Exception occurred in previous call.
2026-07-27 06:49:13,887 [INFO]   Query 26/50: M&A integration summit leadership 2025
2026-07-27 06:49:13,887 [WARNING]   Search failed for 'M&A integration summit leadership 2025': Exception occurred in previous call.
2026-07-27 06:49:15,387 [INFO]   Query 27/50: Corporate restructuring conference 2025
2026-07-27 06:49:15,388 [WARNING]   Search failed for 'Corporate restructuring conference 2025': Exception occurred in previous call.
2026-07-27 06:49:16,888 [INFO]   Query 28/50: M&A value creation leadership forum 2025
2026-07-27 06:49:16,888 [WARNING]   Search failed for 'M&A value creation leadership forum 2025': Exception occurred in previous call.
2026-07-27 06:49:18,388 [INFO]   Query 29/50: Post acquisition integration strategy conference 2025
2026-07-27 06:49:18,388 [WARNING]   Search failed for 'Post acquisition integration strategy conference 2025': Exception occurred in previous call.
2026-07-27 06:49:19,889 [INFO]   Query 30/50: Enterprise integration management summit 2025
2026-07-27 06:49:19,889 [WARNING]   Search failed for 'Enterprise integration management summit 2025': Exception occurred in previous call.
2026-07-27 06:49:21,389 [INFO]   Query 31/50: RPO recruitment process outsourcing summit 2025
2026-07-27 06:49:21,389 [WARNING]   Search failed for 'RPO recruitment process outsourcing summit 2025': Exception occurred in previous call.
2026-07-27 06:49:22,889 [INFO]   Query 32/50: Talent acquisition leadership forum 2025
2026-07-27 06:49:22,890 [WARNING]   Search failed for 'Talent acquisition leadership forum 2025': Exception occurred in previous call.
2026-07-27 06:49:24,390 [INFO]   Query 33/50: Recruitment as a Service conference 2025
2026-07-27 06:49:24,390 [WARNING]   Search failed for 'Recruitment as a Service conference 2025': Exception occurred in previous call.
2026-07-27 06:49:25,890 [INFO]   Query 34/50: HR talent strategy conference 2025
2026-07-27 06:49:25,890 [WARNING]   Search failed for 'HR talent strategy conference 2025': Exception occurred in previous call.
2026-07-27 06:49:27,391 [INFO]   Query 35/50: Workforce planning leadership summit 2025
2026-07-27 06:49:27,391 [WARNING]   Search failed for 'Workforce planning leadership summit 2025': Exception occurred in previous call.
2026-07-27 06:49:28,891 [INFO]   Query 36/50: Executive coaching conference ICF 2025
2026-07-27 06:49:28,891 [WARNING]   Search failed for 'Executive coaching conference ICF 2025': Exception occurred in previous call.
2026-07-27 06:49:30,391 [INFO]   Query 37/50: Board advisory leadership summit 2025
2026-07-27 06:49:30,392 [WARNING]   Search failed for 'Board advisory leadership summit 2025': Exception occurred in previous call.
2026-07-27 06:49:31,892 [INFO]   Query 38/50: C-suite CXO strategy leadership forum 2025
2026-07-27 06:49:31,892 [WARNING]   Search failed for 'C-suite CXO strategy leadership forum 2025': Exception occurred in previous call.
2026-07-27 06:49:33,392 [INFO]   Query 39/50: Senior executive leadership development summit 2025
2026-07-27 06:49:33,392 [WARNING]   Search failed for 'Senior executive leadership development summit 2025': Exception occurred in previous call.
2026-07-27 06:49:34,893 [INFO]   Query 40/50: Board governance directors conference 2025
2026-07-27 06:49:34,893 [WARNING]   Search failed for 'Board governance directors conference 2025': Exception occurred in previous call.
2026-07-27 06:49:36,393 [INFO]   Query 41/50: Executive leadership coaching forum 2025
2026-07-27 06:49:36,394 [WARNING]   Search failed for 'Executive leadership coaching forum 2025': Exception occurred in previous call.
2026-07-27 06:49:37,894 [INFO]   Query 42/50: Everest Group analyst summit outsourcing 2025
2026-07-27 06:49:37,894 [WARNING]   Search failed for 'Everest Group analyst summit outsourcing 2025': Exception occurred in previous call.
2026-07-27 06:49:39,394 [INFO]   Query 43/50: ISG outsourcing summit 2025
2026-07-27 06:49:39,394 [WARNING]   Search failed for 'ISG outsourcing summit 2025': Exception occurred in previous call.
2026-07-27 06:49:40,895 [INFO]   Query 44/50: Deloitte consulting leadership summit 2025
2026-07-27 06:49:40,895 [WARNING]   Search failed for 'Deloitte consulting leadership summit 2025': Exception occurred in previous call.
2026-07-27 06:49:42,395 [INFO]   Query 45/50: EY strategy transformation conference 2025
2026-07-27 06:49:42,395 [WARNING]   Search failed for 'EY strategy transformation conference 2025': Exception occurred in previous call.
2026-07-27 06:49:43,895 [INFO]   Query 46/50: CII industry leadership summit India 2025
2026-07-27 06:49:43,896 [WARNING]   Search failed for 'CII industry leadership summit India 2025': Exception occurred in previous call.
2026-07-27 06:49:45,396 [INFO]   Query 47/50: SHRM HR leadership conference 2025
2026-07-27 06:49:45,396 [WARNING]   Search failed for 'SHRM HR leadership conference 2025': Exception occurred in previous call.
2026-07-27 06:49:46,896 [INFO]   Query 48/50: People Matters HR summit 2025
2026-07-27 06:49:46,896 [WARNING]   Search failed for 'People Matters HR summit 2025': Exception occurred in previous call.
2026-07-27 06:49:48,397 [INFO]   Query 49/50: ETHRWorld HR transformation summit 2025
2026-07-27 06:49:48,397 [WARNING]   Search failed for 'ETHRWorld HR transformation summit 2025': Exception occurred in previous call.
2026-07-27 06:49:49,897 [INFO]   Query 50/50: CHRO chief HR officer leadership forum 2025
2026-07-27 06:49:49,897 [WARNING]   Search failed for 'CHRO chief HR officer leadership forum 2025': Exception occurred in previous call.
2026-07-27 06:49:51,397 [INFO] PHASE 1 complete — 0 unique URLs collected.
2026-07-27 06:49:51,398 [INFO] PHASE 2 — Extracting event details from 0 pages …
2026-07-27 06:49:51,398 [INFO] PHASE 2 complete — 0 events scored ≥6.
2026-07-27 06:49:51,398 [INFO] PHASE 3 — Updating Excel: HARTS_Events.xlsx
2026-07-27 06:49:51,402 [INFO]   Loaded existing file (0 rows).
2026-07-27 06:49:51,406 [INFO] PHASE 3 complete — 0 new events added.
2026-07-27 06:49:51,406 [INFO] PHASE 4 — M365 reminders are currently disabled.
2026-07-27 06:49:51,407 [INFO] 
============================================================
  HARTS Event Scout — Run Summary
  Date       : 27 July 2026
  New events : 0
  Errors     : 0
============================================================

2026-08-03 06:43:39,785 [INFO] ============================================================
2026-08-03 06:43:39,785 [INFO] HARTS Event Scout starting — 2026-08-03
2026-08-03 06:43:39,785 [INFO] ============================================================
2026-08-03 06:43:39,785 [INFO] PHASE 1 — Discovering URLs across 50 queries …
2026-08-03 06:43:39,785 [WARNING] Impersonate 'safari_17.2.1' does not exist, using 'random'
2026-08-03 06:43:39,789 [INFO]   Query 01/50: GCC Global Capability Center conference 2025 India
2026-08-03 06:43:40,023 [INFO] response: https://duckduckgo.com/ 200
2026-08-03 06:43:40,223 [INFO] response: https://links.duckduckgo.com/d.js?q=GCC+Global+Capability+Center+conference+2025+India&kl=wt-wt&l=wt-wt&p=&s=0&df=&vqd=4-275148302261174178584579240156953237591&bing_market=wt-WT&ex=-1 202
2026-08-03 06:43:40,260 [WARNING]   Search failed for 'GCC Global Capability Center conference 2025 India': https://links.duckduckgo.com/d.js?q=GCC+Global+Capability+Center+conference+2025+India&kl=wt-wt&l=wt-wt&p=&s=0&df=&vqd=4-275148302261174178584579240156953237591&bing_market=wt-WT&ex=-1 202 Ratelimit
2026-08-03 06:43:41,760 [INFO]   Query 02/50: Global Capability Center summit leadership 2025
2026-08-03 06:43:41,760 [WARNING]   Search failed for 'Global Capability Center summit leadership 2025': Exception occurred in previous call.
2026-08-03 06:43:43,261 [INFO]   Query 03/50: NASSCOM GCC summit 2025
2026-08-03 06:43:43,261 [WARNING]   Search failed for 'NASSCOM GCC summit 2025': Exception occurred in previous call.
2026-08-03 06:43:44,761 [INFO]   Query 04/50: Shared Services conference summit 2025
2026-08-03 06:43:44,761 [WARNING]   Search failed for 'Shared Services conference summit 2025': Exception occurred in previous call.
2026-08-03 06:43:46,261 [INFO]   Query 05/50: SSON Shared Services excellence conference 2025
2026-08-03 06:43:46,261 [WARNING]   Search failed for 'SSON Shared Services excellence conference 2025': Exception occurred in previous call.
2026-08-03 06:43:47,762 [INFO]   Query 06/50: Global Business Services GBS summit 2025
2026-08-03 06:43:47,762 [WARNING]   Search failed for 'Global Business Services GBS summit 2025': Exception occurred in previous call.
2026-08-03 06:43:49,262 [INFO]   Query 07/50: GCC operating model strategy forum 2025
2026-08-03 06:43:49,262 [WARNING]   Search failed for 'GCC operating model strategy forum 2025': Exception occurred in previous call.
2026-08-03 06:43:50,763 [INFO]   Query 08/50: Global In-house Center conference India 2025
2026-08-03 06:43:50,763 [WARNING]   Search failed for 'Global In-house Center conference India 2025': Exception occurred in previous call.
2026-08-03 06:43:52,263 [INFO]   Query 09/50: GCC scaling leadership forum Asia 2025
2026-08-03 06:43:52,263 [WARNING]   Search failed for 'GCC scaling leadership forum Asia 2025': Exception occurred in previous call.
2026-08-03 06:43:53,763 [INFO]   Query 10/50: Shared Services transformation conference 2025
2026-08-03 06:43:53,763 [WARNING]   Search failed for 'Shared Services transformation conference 2025': Exception occurred in previous call.
2026-08-03 06:43:55,264 [INFO]   Query 11/50: GBS delivery model conference 2025
2026-08-03 06:43:55,264 [WARNING]   Search failed for 'GBS delivery model conference 2025': Exception occurred in previous call.
2026-08-03 06:43:56,764 [INFO]   Query 12/50: GCC India Bangalore Hyderabad summit 2025
2026-08-03 06:43:56,764 [WARNING]   Search failed for 'GCC India Bangalore Hyderabad summit 2025': Exception occurred in previous call.
2026-08-03 06:43:58,264 [INFO]   Query 13/50: Organization Design conference 2025
2026-08-03 06:43:58,265 [WARNING]   Search failed for 'Organization Design conference 2025': Exception occurred in previous call.
2026-08-03 06:43:59,765 [INFO]   Query 14/50: Operating model transformation summit 2025
2026-08-03 06:43:59,765 [WARNING]   Search failed for 'Operating model transformation summit 2025': Exception occurred in previous call.
2026-08-03 06:44:01,265 [INFO]   Query 15/50: Enterprise transformation conference 2025
2026-08-03 06:44:01,265 [WARNING]   Search failed for 'Enterprise transformation conference 2025': Exception occurred in previous call.
2026-08-03 06:44:02,766 [INFO]   Query 16/50: Organizational effectiveness leadership forum 2025
2026-08-03 06:44:02,766 [WARNING]   Search failed for 'Organizational effectiveness leadership forum 2025': Exception occurred in previous call.
2026-08-03 06:44:04,266 [INFO]   Query 17/50: Change management conference senior leadership 2025
2026-08-03 06:44:04,266 [WARNING]   Search failed for 'Change management conference senior leadership 2025': Exception occurred in previous call.
2026-08-03 06:44:05,766 [INFO]   Query 18/50: OD organizational development conference 2025
2026-08-03 06:44:05,766 [WARNING]   Search failed for 'OD organizational development conference 2025': Exception occurred in previous call.
2026-08-03 06:44:07,267 [INFO]   Query 19/50: Enterprise restructuring transformation summit 2025
2026-08-03 06:44:07,267 [WARNING]   Search failed for 'Enterprise restructuring transformation summit 2025': Exception occurred in previous call.
2026-08-03 06:44:08,767 [INFO]   Query 20/50: Business transformation conference CXO 2025
2026-08-03 06:44:08,767 [WARNING]   Search failed for 'Business transformation conference CXO 2025': Exception occurred in previous call.
2026-08-03 06:44:10,267 [INFO]   Query 21/50: Centre of Excellence setup strategy conference 2025
2026-08-03 06:44:10,268 [WARNING]   Search failed for 'Centre of Excellence setup strategy conference 2025': Exception occurred in previous call.
2026-08-03 06:44:11,768 [INFO]   Query 22/50: Enterprise capability building COE summit 2025
2026-08-03 06:44:11,768 [WARNING]   Search failed for 'Enterprise capability building COE summit 2025': Exception occurred in previous call.
2026-08-03 06:44:13,268 [INFO]   Query 23/50: COE strategy leadership forum 2025
2026-08-03 06:44:13,268 [WARNING]   Search failed for 'COE strategy leadership forum 2025': Exception occurred in previous call.
2026-08-03 06:44:14,768 [INFO]   Query 24/50: Center of Excellence governance conference 2025
2026-08-03 06:44:14,769 [WARNING]   Search failed for 'Center of Excellence governance conference 2025': Exception occurred in previous call.
2026-08-03 06:44:16,269 [INFO]   Query 25/50: Post merger integration conference 2025
2026-08-03 06:44:16,269 [WARNING]   Search failed for 'Post merger integration conference 2025': Exception occurred in previous call.
2026-08-03 06:44:17,769 [INFO]   Query 26/50: M&A integration summit leadership 2025
2026-08-03 06:44:17,769 [WARNING]   Search failed for 'M&A integration summit leadership 2025': Exception occurred in previous call.
2026-08-03 06:44:19,270 [INFO]   Query 27/50: Corporate restructuring conference 2025
2026-08-03 06:44:19,270 [WARNING]   Search failed for 'Corporate restructuring conference 2025': Exception occurred in previous call.
2026-08-03 06:44:20,770 [INFO]   Query 28/50: M&A value creation leadership forum 2025
2026-08-03 06:44:20,770 [WARNING]   Search failed for 'M&A value creation leadership forum 2025': Exception occurred in previous call.
2026-08-03 06:44:22,270 [INFO]   Query 29/50: Post acquisition integration strategy conference 2025
2026-08-03 06:44:22,271 [WARNING]   Search failed for 'Post acquisition integration strategy conference 2025': Exception occurred in previous call.
2026-08-03 06:44:23,771 [INFO]   Query 30/50: Enterprise integration management summit 2025
2026-08-03 06:44:23,771 [WARNING]   Search failed for 'Enterprise integration management summit 2025': Exception occurred in previous call.
2026-08-03 06:44:25,271 [INFO]   Query 31/50: RPO recruitment process outsourcing summit 2025
2026-08-03 06:44:25,271 [WARNING]   Search failed for 'RPO recruitment process outsourcing summit 2025': Exception occurred in previous call.
2026-08-03 06:44:26,772 [INFO]   Query 32/50: Talent acquisition leadership forum 2025
2026-08-03 06:44:26,772 [WARNING]   Search failed for 'Talent acquisition leadership forum 2025': Exception occurred in previous call.
2026-08-03 06:44:28,272 [INFO]   Query 33/50: Recruitment as a Service conference 2025
2026-08-03 06:44:28,272 [WARNING]   Search failed for 'Recruitment as a Service conference 2025': Exception occurred in previous call.
2026-08-03 06:44:29,772 [INFO]   Query 34/50: HR talent strategy conference 2025
2026-08-03 06:44:29,773 [WARNING]   Search failed for 'HR talent strategy conference 2025': Exception occurred in previous call.
2026-08-03 06:44:31,273 [INFO]   Query 35/50: Workforce planning leadership summit 2025
2026-08-03 06:44:31,273 [WARNING]   Search failed for 'Workforce planning leadership summit 2025': Exception occurred in previous call.
2026-08-03 06:44:32,773 [INFO]   Query 36/50: Executive coaching conference ICF 2025
2026-08-03 06:44:32,774 [WARNING]   Search failed for 'Executive coaching conference ICF 2025': Exception occurred in previous call.
2026-08-03 06:44:34,274 [INFO]   Query 37/50: Board advisory leadership summit 2025
2026-08-03 06:44:34,274 [WARNING]   Search failed for 'Board advisory leadership summit 2025': Exception occurred in previous call.
2026-08-03 06:44:35,774 [INFO]   Query 38/50: C-suite CXO strategy leadership forum 2025
2026-08-03 06:44:35,774 [WARNING]   Search failed for 'C-suite CXO strategy leadership forum 2025': Exception occurred in previous call.
2026-08-03 06:44:37,275 [INFO]   Query 39/50: Senior executive leadership development summit 2025
2026-08-03 06:44:37,275 [WARNING]   Search failed for 'Senior executive leadership development summit 2025': Exception occurred in previous call.
2026-08-03 06:44:38,775 [INFO]   Query 40/50: Board governance directors conference 2025
2026-08-03 06:44:38,775 [WARNING]   Search failed for 'Board governance directors conference 2025': Exception occurred in previous call.
2026-08-03 06:44:40,275 [INFO]   Query 41/50: Executive leadership coaching forum 2025
2026-08-03 06:44:40,276 [WARNING]   Search failed for 'Executive leadership coaching forum 2025': Exception occurred in previous call.
2026-08-03 06:44:41,776 [INFO]   Query 42/50: Everest Group analyst summit outsourcing 2025
2026-08-03 06:44:41,776 [WARNING]   Search failed for 'Everest Group analyst summit outsourcing 2025': Exception occurred in previous call.
2026-08-03 06:44:43,276 [INFO]   Query 43/50: ISG outsourcing summit 2025
2026-08-03 06:44:43,276 [WARNING]   Search failed for 'ISG outsourcing summit 2025': Exception occurred in previous call.
2026-08-03 06:44:44,777 [INFO]   Query 44/50: Deloitte consulting leadership summit 2025
2026-08-03 06:44:44,777 [WARNING]   Search failed for 'Deloitte consulting leadership summit 2025': Exception occurred in previous call.
2026-08-03 06:44:46,277 [INFO]   Query 45/50: EY strategy transformation conference 2025
2026-08-03 06:44:46,277 [WARNING]   Search failed for 'EY strategy transformation conference 2025': Exception occurred in previous call.
2026-08-03 06:44:47,777 [INFO]   Query 46/50: CII industry leadership summit India 2025
2026-08-03 06:44:47,778 [WARNING]   Search failed for 'CII industry leadership summit India 2025': Exception occurred in previous call.
2026-08-03 06:44:49,278 [INFO]   Query 47/50: SHRM HR leadership conference 2025
2026-08-03 06:44:49,278 [WARNING]   Search failed for 'SHRM HR leadership conference 2025': Exception occurred in previous call.
2026-08-03 06:44:50,778 [INFO]   Query 48/50: People Matters HR summit 2025
2026-08-03 06:44:50,779 [WARNING]   Search failed for 'People Matters HR summit 2025': Exception occurred in previous call.
2026-08-03 06:44:52,279 [INFO]   Query 49/50: ETHRWorld HR transformation summit 2025
2026-08-03 06:44:52,279 [WARNING]   Search failed for 'ETHRWorld HR transformation summit 2025': Exception occurred in previous call.
2026-08-03 06:44:53,779 [INFO]   Query 50/50: CHRO chief HR officer leadership forum 2025
2026-08-03 06:44:53,779 [WARNING]   Search failed for 'CHRO chief HR officer leadership forum 2025': Exception occurred in previous call.
2026-08-03 06:44:55,280 [INFO] PHASE 1 complete — 0 unique URLs collected.
2026-08-03 06:44:55,280 [INFO] PHASE 2 — Extracting event details from 0 pages …
2026-08-03 06:44:55,280 [INFO] PHASE 2 complete — 0 events scored ≥6.
2026-08-03 06:44:55,280 [INFO] PHASE 3 — Updating Excel: HARTS_Events.xlsx
2026-08-03 06:44:55,284 [INFO]   Loaded existing file (0 rows).
2026-08-03 06:44:55,289 [INFO] PHASE 3 complete — 0 new events added.
2026-08-03 06:44:55,289 [INFO] PHASE 4 — M365 reminders are currently disabled.
2026-08-03 06:44:55,289 [INFO] 
============================================================
  HARTS Event Scout — Run Summary
  Date       : 03 August 2026
  New events : 0
  Errors     : 0
============================================================

2026-08-10 05:05:26,368 [INFO] ============================================================
2026-08-10 05:05:26,368 [INFO] HARTS Event Scout starting — 2026-08-10
2026-08-10 05:05:26,368 [INFO] ============================================================
2026-08-10 05:05:26,368 [INFO] PHASE 1 — Discovering URLs across 50 queries …
2026-08-10 05:05:26,368 [WARNING] Impersonate 'safari_15.6.1' does not exist, using 'random'
2026-08-10 05:05:26,371 [INFO]   Query 01/50: GCC Global Capability Center conference 2025 India
2026-08-10 05:05:26,683 [INFO] response: https://duckduckgo.com/ 200
2026-08-10 05:05:26,789 [INFO] response: https://links.duckduckgo.com/d.js?q=GCC+Global+Capability+Center+conference+2025+India&kl=wt-wt&l=wt-wt&p=&s=0&df=&vqd=4-275102614865880715543067406818804215015&bing_market=wt-WT&ex=-1 202
2026-08-10 05:05:26,789 [WARNING]   Search failed for 'GCC Global Capability Center conference 2025 India': https://links.duckduckgo.com/d.js?q=GCC+Global+Capability+Center+conference+2025+India&kl=wt-wt&l=wt-wt&p=&s=0&df=&vqd=4-275102614865880715543067406818804215015&bing_market=wt-WT&ex=-1 202 Ratelimit
2026-08-10 05:05:28,290 [INFO]   Query 02/50: Global Capability Center summit leadership 2025
2026-08-10 05:05:28,290 [WARNING]   Search failed for 'Global Capability Center summit leadership 2025': Exception occurred in previous call.
2026-08-10 05:05:29,790 [INFO]   Query 03/50: NASSCOM GCC summit 2025
2026-08-10 05:05:29,790 [WARNING]   Search failed for 'NASSCOM GCC summit 2025': Exception occurred in previous call.
2026-08-10 05:05:31,291 [INFO]   Query 04/50: Shared Services conference summit 2025
2026-08-10 05:05:31,291 [WARNING]   Search failed for 'Shared Services conference summit 2025': Exception occurred in previous call.
2026-08-10 05:05:32,791 [INFO]   Query 05/50: SSON Shared Services excellence conference 2025
2026-08-10 05:05:32,791 [WARNING]   Search failed for 'SSON Shared Services excellence conference 2025': Exception occurred in previous call.
2026-08-10 05:05:34,291 [INFO]   Query 06/50: Global Business Services GBS summit 2025
2026-08-10 05:05:34,292 [WARNING]   Search failed for 'Global Business Services GBS summit 2025': Exception occurred in previous call.
2026-08-10 05:05:35,792 [INFO]   Query 07/50: GCC operating model strategy forum 2025
2026-08-10 05:05:35,792 [WARNING]   Search failed for 'GCC operating model strategy forum 2025': Exception occurred in previous call.
2026-08-10 05:05:37,292 [INFO]   Query 08/50: Global In-house Center conference India 2025
2026-08-10 05:05:37,292 [WARNING]   Search failed for 'Global In-house Center conference India 2025': Exception occurred in previous call.
2026-08-10 05:05:38,793 [INFO]   Query 09/50: GCC scaling leadership forum Asia 2025
2026-08-10 05:05:38,793 [WARNING]   Search failed for 'GCC scaling leadership forum Asia 2025': Exception occurred in previous call.
2026-08-10 05:05:40,293 [INFO]   Query 10/50: Shared Services transformation conference 2025
2026-08-10 05:05:40,293 [WARNING]   Search failed for 'Shared Services transformation conference 2025': Exception occurred in previous call.
2026-08-10 05:05:41,793 [INFO]   Query 11/50: GBS delivery model conference 2025
2026-08-10 05:05:41,794 [WARNING]   Search failed for 'GBS delivery model conference 2025': Exception occurred in previous call.
2026-08-10 05:05:43,294 [INFO]   Query 12/50: GCC India Bangalore Hyderabad summit 2025
2026-08-10 05:05:43,294 [WARNING]   Search failed for 'GCC India Bangalore Hyderabad summit 2025': Exception occurred in previous call.
2026-08-10 05:05:44,794 [INFO]   Query 13/50: Organization Design conference 2025
2026-08-10 05:05:44,794 [WARNING]   Search failed for 'Organization Design conference 2025': Exception occurred in previous call.
2026-08-10 05:05:46,294 [INFO]   Query 14/50: Operating model transformation summit 2025
2026-08-10 05:05:46,294 [WARNING]   Search failed for 'Operating model transformation summit 2025': Exception occurred in previous call.
2026-08-10 05:05:47,795 [INFO]   Query 15/50: Enterprise transformation conference 2025
2026-08-10 05:05:47,795 [WARNING]   Search failed for 'Enterprise transformation conference 2025': Exception occurred in previous call.
2026-08-10 05:05:49,295 [INFO]   Query 16/50: Organizational effectiveness leadership forum 2025
2026-08-10 05:05:49,295 [WARNING]   Search failed for 'Organizational effectiveness leadership forum 2025': Exception occurred in previous call.
2026-08-10 05:05:50,795 [INFO]   Query 17/50: Change management conference senior leadership 2025
2026-08-10 05:05:50,795 [WARNING]   Search failed for 'Change management conference senior leadership 2025': Exception occurred in previous call.
2026-08-10 05:05:52,296 [INFO]   Query 18/50: OD organizational development conference 2025
2026-08-10 05:05:52,296 [WARNING]   Search failed for 'OD organizational development conference 2025': Exception occurred in previous call.
2026-08-10 05:05:53,796 [INFO]   Query 19/50: Enterprise restructuring transformation summit 2025
2026-08-10 05:05:53,796 [WARNING]   Search failed for 'Enterprise restructuring transformation summit 2025': Exception occurred in previous call.
2026-08-10 05:05:55,296 [INFO]   Query 20/50: Business transformation conference CXO 2025
2026-08-10 05:05:55,297 [WARNING]   Search failed for 'Business transformation conference CXO 2025': Exception occurred in previous call.
2026-08-10 05:05:56,797 [INFO]   Query 21/50: Centre of Excellence setup strategy conference 2025
2026-08-10 05:05:56,797 [WARNING]   Search failed for 'Centre of Excellence setup strategy conference 2025': Exception occurred in previous call.
2026-08-10 05:05:58,297 [INFO]   Query 22/50: Enterprise capability building COE summit 2025
2026-08-10 05:05:58,297 [WARNING]   Search failed for 'Enterprise capability building COE summit 2025': Exception occurred in previous call.
2026-08-10 05:05:59,798 [INFO]   Query 23/50: COE strategy leadership forum 2025
2026-08-10 05:05:59,798 [WARNING]   Search failed for 'COE strategy leadership forum 2025': Exception occurred in previous call.
2026-08-10 05:06:01,298 [INFO]   Query 24/50: Center of Excellence governance conference 2025
2026-08-10 05:06:01,298 [WARNING]   Search failed for 'Center of Excellence governance conference 2025': Exception occurred in previous call.
2026-08-10 05:06:02,798 [INFO]   Query 25/50: Post merger integration conference 2025
2026-08-10 05:06:02,798 [WARNING]   Search failed for 'Post merger integration conference 2025': Exception occurred in previous call.
2026-08-10 05:06:04,299 [INFO]   Query 26/50: M&A integration summit leadership 2025
2026-08-10 05:06:04,299 [WARNING]   Search failed for 'M&A integration summit leadership 2025': Exception occurred in previous call.
2026-08-10 05:06:05,799 [INFO]   Query 27/50: Corporate restructuring conference 2025
2026-08-10 05:06:05,799 [WARNING]   Search failed for 'Corporate restructuring conference 2025': Exception occurred in previous call.
2026-08-10 05:06:07,299 [INFO]   Query 28/50: M&A value creation leadership forum 2025
2026-08-10 05:06:07,299 [WARNING]   Search failed for 'M&A value creation leadership forum 2025': Exception occurred in previous call.
2026-08-10 05:06:08,800 [INFO]   Query 29/50: Post acquisition integration strategy conference 2025
2026-08-10 05:06:08,800 [WARNING]   Search failed for 'Post acquisition integration strategy conference 2025': Exception occurred in previous call.
2026-08-10 05:06:10,300 [INFO]   Query 30/50: Enterprise integration management summit 2025
2026-08-10 05:06:10,300 [WARNING]   Search failed for 'Enterprise integration management summit 2025': Exception occurred in previous call.
2026-08-10 05:06:11,800 [INFO]   Query 31/50: RPO recruitment process outsourcing summit 2025
2026-08-10 05:06:11,800 [WARNING]   Search failed for 'RPO recruitment process outsourcing summit 2025': Exception occurred in previous call.
2026-08-10 05:06:13,300 [INFO]   Query 32/50: Talent acquisition leadership forum 2025
2026-08-10 05:06:13,301 [WARNING]   Search failed for 'Talent acquisition leadership forum 2025': Exception occurred in previous call.
2026-08-10 05:06:14,801 [INFO]   Query 33/50: Recruitment as a Service conference 2025
2026-08-10 05:06:14,801 [WARNING]   Search failed for 'Recruitment as a Service conference 2025': Exception occurred in previous call.
2026-08-10 05:06:16,301 [INFO]   Query 34/50: HR talent strategy conference 2025
2026-08-10 05:06:16,301 [WARNING]   Search failed for 'HR talent strategy conference 2025': Exception occurred in previous call.
2026-08-10 05:06:17,801 [INFO]   Query 35/50: Workforce planning leadership summit 2025
2026-08-10 05:06:17,802 [WARNING]   Search failed for 'Workforce planning leadership summit 2025': Exception occurred in previous call.
2026-08-10 05:06:19,302 [INFO]   Query 36/50: Executive coaching conference ICF 2025
2026-08-10 05:06:19,302 [WARNING]   Search failed for 'Executive coaching conference ICF 2025': Exception occurred in previous call.
2026-08-10 05:06:20,802 [INFO]   Query 37/50: Board advisory leadership summit 2025
2026-08-10 05:06:20,802 [WARNING]   Search failed for 'Board advisory leadership summit 2025': Exception occurred in previous call.
2026-08-10 05:06:22,303 [INFO]   Query 38/50: C-suite CXO strategy leadership forum 2025
2026-08-10 05:06:22,303 [WARNING]   Search failed for 'C-suite CXO strategy leadership forum 2025': Exception occurred in previous call.
2026-08-10 05:06:23,803 [INFO]   Query 39/50: Senior executive leadership development summit 2025
2026-08-10 05:06:23,803 [WARNING]   Search failed for 'Senior executive leadership development summit 2025': Exception occurred in previous call.
2026-08-10 05:06:25,303 [INFO]   Query 40/50: Board governance directors conference 2025
2026-08-10 05:06:25,303 [WARNING]   Search failed for 'Board governance directors conference 2025': Exception occurred in previous call.
2026-08-10 05:06:26,804 [INFO]   Query 41/50: Executive leadership coaching forum 2025
2026-08-10 05:06:26,804 [WARNING]   Search failed for 'Executive leadership coaching forum 2025': Exception occurred in previous call.
2026-08-10 05:06:28,304 [INFO]   Query 42/50: Everest Group analyst summit outsourcing 2025
2026-08-10 05:06:28,304 [WARNING]   Search failed for 'Everest Group analyst summit outsourcing 2025': Exception occurred in previous call.
2026-08-10 05:06:29,804 [INFO]   Query 43/50: ISG outsourcing summit 2025
2026-08-10 05:06:29,805 [WARNING]   Search failed for 'ISG outsourcing summit 2025': Exception occurred in previous call.
2026-08-10 05:06:31,305 [INFO]   Query 44/50: Deloitte consulting leadership summit 2025
2026-08-10 05:06:31,305 [WARNING]   Search failed for 'Deloitte consulting leadership summit 2025': Exception occurred in previous call.
2026-08-10 05:06:32,805 [INFO]   Query 45/50: EY strategy transformation conference 2025
2026-08-10 05:06:32,805 [WARNING]   Search failed for 'EY strategy transformation conference 2025': Exception occurred in previous call.
2026-08-10 05:06:34,305 [INFO]   Query 46/50: CII industry leadership summit India 2025
2026-08-10 05:06:34,306 [WARNING]   Search failed for 'CII industry leadership summit India 2025': Exception occurred in previous call.
2026-08-10 05:06:35,806 [INFO]   Query 47/50: SHRM HR leadership conference 2025
2026-08-10 05:06:35,806 [WARNING]   Search failed for 'SHRM HR leadership conference 2025': Exception occurred in previous call.
2026-08-10 05:06:37,306 [INFO]   Query 48/50: People Matters HR summit 2025
2026-08-10 05:06:37,306 [WARNING]   Search failed for 'People Matters HR summit 2025': Exception occurred in previous call.
2026-08-10 05:06:38,806 [INFO]   Query 49/50: ETHRWorld HR transformation summit 2025
2026-08-10 05:06:38,807 [WARNING]   Search failed for 'ETHRWorld HR transformation summit 2025': Exception occurred in previous call.
2026-08-10 05:06:40,307 [INFO]   Query 50/50: CHRO chief HR officer leadership forum 2025
2026-08-10 05:06:40,307 [WARNING]   Search failed for 'CHRO chief HR officer leadership forum 2025': Exception occurred in previous call.
2026-08-10 05:06:41,807 [INFO] PHASE 1 complete — 0 unique URLs collected.
2026-08-10 05:06:41,807 [INFO] PHASE 2 — Extracting event details from 0 pages …
2026-08-10 05:06:41,807 [INFO] PHASE 2 complete — 0 events scored ≥6.
2026-08-10 05:06:41,807 [INFO] PHASE 3 — Updating Excel: HARTS_Events.xlsx
2026-08-10 05:06:41,811 [INFO]   Loaded existing file (0 rows).
2026-08-10 05:06:41,814 [INFO] PHASE 3 complete — 0 new events added.
2026-08-10 05:06:41,814 [INFO] PHASE 4 — M365 reminders are currently disabled.
2026-08-10 05:06:41,814 [INFO] 
============================================================
  HARTS Event Scout — Run Summary
  Date       : 10 August 2026
  New events : 0
  Errors     : 0
============================================================

2026-08-17 04:10:58,490 [INFO] ============================================================
2026-08-17 04:10:58,490 [INFO] HARTS Event Scout starting — 2026-08-17
2026-08-17 04:10:58,490 [INFO] ============================================================
2026-08-17 04:10:58,490 [INFO] PHASE 1 — Discovering URLs across 50 queries …
2026-08-17 04:10:58,491 [WARNING] Impersonate 'chrome_106' does not exist, using 'random'
2026-08-17 04:10:58,496 [INFO]   Query 01/50: GCC Global Capability Center conference 2025 India
2026-08-17 04:10:58,684 [INFO] response: https://duckduckgo.com/ 202
2026-08-17 04:10:58,685 [WARNING]   Search failed for 'GCC Global Capability Center conference 2025 India': https://duckduckgo.com/ 202 Ratelimit
2026-08-17 04:11:00,185 [INFO]   Query 02/50: Global Capability Center summit leadership 2025
2026-08-17 04:11:00,186 [WARNING]   Search failed for 'Global Capability Center summit leadership 2025': Exception occurred in previous call.
2026-08-17 04:11:01,686 [INFO]   Query 03/50: NASSCOM GCC summit 2025
2026-08-17 04:11:01,686 [WARNING]   Search failed for 'NASSCOM GCC summit 2025': Exception occurred in previous call.
2026-08-17 04:11:03,186 [INFO]   Query 04/50: Shared Services conference summit 2025
2026-08-17 04:11:03,186 [WARNING]   Search failed for 'Shared Services conference summit 2025': Exception occurred in previous call.
2026-08-17 04:11:04,686 [INFO]   Query 05/50: SSON Shared Services excellence conference 2025
2026-08-17 04:11:04,687 [WARNING]   Search failed for 'SSON Shared Services excellence conference 2025': Exception occurred in previous call.
2026-08-17 04:11:06,187 [INFO]   Query 06/50: Global Business Services GBS summit 2025
2026-08-17 04:11:06,187 [WARNING]   Search failed for 'Global Business Services GBS summit 2025': Exception occurred in previous call.
2026-08-17 04:11:07,687 [INFO]   Query 07/50: GCC operating model strategy forum 2025
2026-08-17 04:11:07,687 [WARNING]   Search failed for 'GCC operating model strategy forum 2025': Exception occurred in previous call.
2026-08-17 04:11:09,188 [INFO]   Query 08/50: Global In-house Center conference India 2025
2026-08-17 04:11:09,188 [WARNING]   Search failed for 'Global In-house Center conference India 2025': Exception occurred in previous call.
2026-08-17 04:11:10,688 [INFO]   Query 09/50: GCC scaling leadership forum Asia 2025
2026-08-17 04:11:10,688 [WARNING]   Search failed for 'GCC scaling leadership forum Asia 2025': Exception occurred in previous call.
2026-08-17 04:11:12,188 [INFO]   Query 10/50: Shared Services transformation conference 2025
2026-08-17 04:11:12,188 [WARNING]   Search failed for 'Shared Services transformation conference 2025': Exception occurred in previous call.
2026-08-17 04:11:13,689 [INFO]   Query 11/50: GBS delivery model conference 2025
2026-08-17 04:11:13,689 [WARNING]   Search failed for 'GBS delivery model conference 2025': Exception occurred in previous call.
2026-08-17 04:11:15,189 [INFO]   Query 12/50: GCC India Bangalore Hyderabad summit 2025
2026-08-17 04:11:15,189 [WARNING]   Search failed for 'GCC India Bangalore Hyderabad summit 2025': Exception occurred in previous call.
2026-08-17 04:11:16,689 [INFO]   Query 13/50: Organization Design conference 2025
2026-08-17 04:11:16,690 [WARNING]   Search failed for 'Organization Design conference 2025': Exception occurred in previous call.
2026-08-17 04:11:18,190 [INFO]   Query 14/50: Operating model transformation summit 2025
2026-08-17 04:11:18,190 [WARNING]   Search failed for 'Operating model transformation summit 2025': Exception occurred in previous call.
2026-08-17 04:11:19,690 [INFO]   Query 15/50: Enterprise transformation conference 2025
2026-08-17 04:11:19,690 [WARNING]   Search failed for 'Enterprise transformation conference 2025': Exception occurred in previous call.
2026-08-17 04:11:21,190 [INFO]   Query 16/50: Organizational effectiveness leadership forum 2025
2026-08-17 04:11:21,191 [WARNING]   Search failed for 'Organizational effectiveness leadership forum 2025': Exception occurred in previous call.
2026-08-17 04:11:22,691 [INFO]   Query 17/50: Change management conference senior leadership 2025
2026-08-17 04:11:22,691 [WARNING]   Search failed for 'Change management conference senior leadership 2025': Exception occurred in previous call.
2026-08-17 04:11:24,191 [INFO]   Query 18/50: OD organizational development conference 2025
2026-08-17 04:11:24,191 [WARNING]   Search failed for 'OD organizational development conference 2025': Exception occurred in previous call.
2026-08-17 04:11:25,692 [INFO]   Query 19/50: Enterprise restructuring transformation summit 2025
2026-08-17 04:11:25,692 [WARNING]   Search failed for 'Enterprise restructuring transformation summit 2025': Exception occurred in previous call.
2026-08-17 04:11:27,192 [INFO]   Query 20/50: Business transformation conference CXO 2025
2026-08-17 04:11:27,192 [WARNING]   Search failed for 'Business transformation conference CXO 2025': Exception occurred in previous call.
2026-08-17 04:11:28,692 [INFO]   Query 21/50: Centre of Excellence setup strategy conference 2025
2026-08-17 04:11:28,692 [WARNING]   Search failed for 'Centre of Excellence setup strategy conference 2025': Exception occurred in previous call.
2026-08-17 04:11:30,193 [INFO]   Query 22/50: Enterprise capability building COE summit 2025
2026-08-17 04:11:30,193 [WARNING]   Search failed for 'Enterprise capability building COE summit 2025': Exception occurred in previous call.
2026-08-17 04:11:31,693 [INFO]   Query 23/50: COE strategy leadership forum 2025
2026-08-17 04:11:31,693 [WARNING]   Search failed for 'COE strategy leadership forum 2025': Exception occurred in previous call.
2026-08-17 04:11:33,193 [INFO]   Query 24/50: Center of Excellence governance conference 2025
2026-08-17 04:11:33,193 [WARNING]   Search failed for 'Center of Excellence governance conference 2025': Exception occurred in previous call.
2026-08-17 04:11:34,694 [INFO]   Query 25/50: Post merger integration conference 2025
2026-08-17 04:11:34,694 [WARNING]   Search failed for 'Post merger integration conference 2025': Exception occurred in previous call.
2026-08-17 04:11:36,194 [INFO]   Query 26/50: M&A integration summit leadership 2025
2026-08-17 04:11:36,194 [WARNING]   Search failed for 'M&A integration summit leadership 2025': Exception occurred in previous call.
2026-08-17 04:11:37,694 [INFO]   Query 27/50: Corporate restructuring conference 2025
2026-08-17 04:11:37,695 [WARNING]   Search failed for 'Corporate restructuring conference 2025': Exception occurred in previous call.
2026-08-17 04:11:39,195 [INFO]   Query 28/50: M&A value creation leadership forum 2025
2026-08-17 04:11:39,195 [WARNING]   Search failed for 'M&A value creation leadership forum 2025': Exception occurred in previous call.
2026-08-17 04:11:40,695 [INFO]   Query 29/50: Post acquisition integration strategy conference 2025
2026-08-17 04:11:40,695 [WARNING]   Search failed for 'Post acquisition integration strategy conference 2025': Exception occurred in previous call.
2026-08-17 04:11:42,195 [INFO]   Query 30/50: Enterprise integration management summit 2025
2026-08-17 04:11:42,196 [WARNING]   Search failed for 'Enterprise integration management summit 2025': Exception occurred in previous call.
2026-08-17 04:11:43,696 [INFO]   Query 31/50: RPO recruitment process outsourcing summit 2025
2026-08-17 04:11:43,696 [WARNING]   Search failed for 'RPO recruitment process outsourcing summit 2025': Exception occurred in previous call.
2026-08-17 04:11:45,196 [INFO]   Query 32/50: Talent acquisition leadership forum 2025
2026-08-17 04:11:45,196 [WARNING]   Search failed for 'Talent acquisition leadership forum 2025': Exception occurred in previous call.
2026-08-17 04:11:46,697 [INFO]   Query 33/50: Recruitment as a Service conference 2025
2026-08-17 04:11:46,697 [WARNING]   Search failed for 'Recruitment as a Service conference 2025': Exception occurred in previous call.
2026-08-17 04:11:48,197 [INFO]   Query 34/50: HR talent strategy conference 2025
2026-08-17 04:11:48,197 [WARNING]   Search failed for 'HR talent strategy conference 2025': Exception occurred in previous call.
2026-08-17 04:11:49,697 [INFO]   Query 35/50: Workforce planning leadership summit 2025
2026-08-17 04:11:49,697 [WARNING]   Search failed for 'Workforce planning leadership summit 2025': Exception occurred in previous call.
2026-08-17 04:11:51,198 [INFO]   Query 36/50: Executive coaching conference ICF 2025
2026-08-17 04:11:51,198 [WARNING]   Search failed for 'Executive coaching conference ICF 2025': Exception occurred in previous call.
2026-08-17 04:11:52,698 [INFO]   Query 37/50: Board advisory leadership summit 2025
2026-08-17 04:11:52,698 [WARNING]   Search failed for 'Board advisory leadership summit 2025': Exception occurred in previous call.
2026-08-17 04:11:54,198 [INFO]   Query 38/50: C-suite CXO strategy leadership forum 2025
2026-08-17 04:11:54,198 [WARNING]   Search failed for 'C-suite CXO strategy leadership forum 2025': Exception occurred in previous call.
2026-08-17 04:11:55,699 [INFO]   Query 39/50: Senior executive leadership development summit 2025
2026-08-17 04:11:55,699 [WARNING]   Search failed for 'Senior executive leadership development summit 2025': Exception occurred in previous call.
2026-08-17 04:11:57,199 [INFO]   Query 40/50: Board governance directors conference 2025
2026-08-17 04:11:57,199 [WARNING]   Search failed for 'Board governance directors conference 2025': Exception occurred in previous call.
2026-08-17 04:11:58,699 [INFO]   Query 41/50: Executive leadership coaching forum 2025
2026-08-17 04:11:58,700 [WARNING]   Search failed for 'Executive leadership coaching forum 2025': Exception occurred in previous call.
2026-08-17 04:12:00,200 [INFO]   Query 42/50: Everest Group analyst summit outsourcing 2025
2026-08-17 04:12:00,200 [WARNING]   Search failed for 'Everest Group analyst summit outsourcing 2025': Exception occurred in previous call.
2026-08-17 04:12:01,700 [INFO]   Query 43/50: ISG outsourcing summit 2025
2026-08-17 04:12:01,700 [WARNING]   Search failed for 'ISG outsourcing summit 2025': Exception occurred in previous call.
2026-08-17 04:12:03,200 [INFO]   Query 44/50: Deloitte consulting leadership summit 2025
2026-08-17 04:12:03,201 [WARNING]   Search failed for 'Deloitte consulting leadership summit 2025': Exception occurred in previous call.
2026-08-17 04:12:04,701 [INFO]   Query 45/50: EY strategy transformation conference 2025
2026-08-17 04:12:04,701 [WARNING]   Search failed for 'EY strategy transformation conference 2025': Exception occurred in previous call.
2026-08-17 04:12:06,201 [INFO]   Query 46/50: CII industry leadership summit India 2025
2026-08-17 04:12:06,201 [WARNING]   Search failed for 'CII industry leadership summit India 2025': Exception occurred in previous call.
2026-08-17 04:12:07,701 [INFO]   Query 47/50: SHRM HR leadership conference 2025
2026-08-17 04:12:07,702 [WARNING]   Search failed for 'SHRM HR leadership conference 2025': Exception occurred in previous call.
2026-08-17 04:12:09,202 [INFO]   Query 48/50: People Matters HR summit 2025
2026-08-17 04:12:09,202 [WARNING]   Search failed for 'People Matters HR summit 2025': Exception occurred in previous call.
2026-08-17 04:12:10,702 [INFO]   Query 49/50: ETHRWorld HR transformation summit 2025
2026-08-17 04:12:10,702 [WARNING]   Search failed for 'ETHRWorld HR transformation summit 2025': Exception occurred in previous call.
2026-08-17 04:12:12,203 [INFO]   Query 50/50: CHRO chief HR officer leadership forum 2025
2026-08-17 04:12:12,203 [WARNING]   Search failed for 'CHRO chief HR officer leadership forum 2025': Exception occurred in previous call.
2026-08-17 04:12:13,703 [INFO] PHASE 1 complete — 0 unique URLs collected.
2026-08-17 04:12:13,703 [INFO] PHASE 2 — Extracting event details from 0 pages …
2026-08-17 04:12:13,703 [INFO] PHASE 2 complete — 0 events scored ≥6.
2026-08-17 04:12:13,703 [INFO] PHASE 3 — Updating Excel: HARTS_Events.xlsx
2026-08-17 04:12:13,708 [INFO]   Loaded existing file (0 rows).
2026-08-17 04:12:13,712 [INFO] PHASE 3 complete — 0 new events added.
2026-08-17 04:12:13,712 [INFO] PHASE 4 — M365 reminders are currently disabled.
2026-08-17 04:12:13,712 [INFO] 
============================================================
  HARTS Event Scout — Run Summary
  Date       : 17 August 2026
  New events : 0
  Errors     : 0
============================================================

2026-08-24 04:13:06,601 [INFO] ============================================================
2026-08-24 04:13:06,601 [INFO] HARTS Event Scout starting — 2026-08-24
2026-08-24 04:13:06,601 [INFO] ============================================================
2026-08-24 04:13:06,601 [INFO] PHASE 1 — Discovering URLs across 50 queries …
2026-08-24 04:13:06,601 [WARNING] Impersonate 'chrome_116' does not exist, using 'random'
2026-08-24 04:13:06,606 [INFO]   Query 01/50: GCC Global Capability Center conference 2025 India
2026-08-24 04:13:06,892 [INFO] response: https://duckduckgo.com/ 200
2026-08-24 04:13:07,132 [INFO] response: https://links.duckduckgo.com/d.js?q=GCC+Global+Capability+Center+conference+2025+India&kl=wt-wt&l=wt-wt&p=&s=0&df=&vqd=4-273843299068597302651439212411891824631&bing_market=wt-WT&ex=-1 202
2026-08-24 04:13:07,132 [WARNING]   Search failed for 'GCC Global Capability Center conference 2025 India': https://links.duckduckgo.com/d.js?q=GCC+Global+Capability+Center+conference+2025+India&kl=wt-wt&l=wt-wt&p=&s=0&df=&vqd=4-273843299068597302651439212411891824631&bing_market=wt-WT&ex=-1 202 Ratelimit
2026-08-24 04:13:08,632 [INFO]   Query 02/50: Global Capability Center summit leadership 2025
2026-08-24 04:13:08,632 [WARNING]   Search failed for 'Global Capability Center summit leadership 2025': Exception occurred in previous call.
2026-08-24 04:13:10,133 [INFO]   Query 03/50: NASSCOM GCC summit 2025
2026-08-24 04:13:10,133 [WARNING]   Search failed for 'NASSCOM GCC summit 2025': Exception occurred in previous call.
2026-08-24 04:13:11,633 [INFO]   Query 04/50: Shared Services conference summit 2025
2026-08-24 04:13:11,633 [WARNING]   Search failed for 'Shared Services conference summit 2025': Exception occurred in previous call.
2026-08-24 04:13:13,133 [INFO]   Query 05/50: SSON Shared Services excellence conference 2025
2026-08-24 04:13:13,133 [WARNING]   Search failed for 'SSON Shared Services excellence conference 2025': Exception occurred in previous call.
2026-08-24 04:13:14,634 [INFO]   Query 06/50: Global Business Services GBS summit 2025
2026-08-24 04:13:14,634 [WARNING]   Search failed for 'Global Business Services GBS summit 2025': Exception occurred in previous call.
2026-08-24 04:13:16,134 [INFO]   Query 07/50: GCC operating model strategy forum 2025
2026-08-24 04:13:16,134 [WARNING]   Search failed for 'GCC operating model strategy forum 2025': Exception occurred in previous call.
2026-08-24 04:13:17,634 [INFO]   Query 08/50: Global In-house Center conference India 2025
2026-08-24 04:13:17,634 [WARNING]   Search failed for 'Global In-house Center conference India 2025': Exception occurred in previous call.
2026-08-24 04:13:19,135 [INFO]   Query 09/50: GCC scaling leadership forum Asia 2025
2026-08-24 04:13:19,135 [WARNING]   Search failed for 'GCC scaling leadership forum Asia 2025': Exception occurred in previous call.
2026-08-24 04:13:20,635 [INFO]   Query 10/50: Shared Services transformation conference 2025
2026-08-24 04:13:20,635 [WARNING]   Search failed for 'Shared Services transformation conference 2025': Exception occurred in previous call.
2026-08-24 04:13:22,135 [INFO]   Query 11/50: GBS delivery model conference 2025
2026-08-24 04:13:22,135 [WARNING]   Search failed for 'GBS delivery model conference 2025': Exception occurred in previous call.
2026-08-24 04:13:23,636 [INFO]   Query 12/50: GCC India Bangalore Hyderabad summit 2025
2026-08-24 04:13:23,636 [WARNING]   Search failed for 'GCC India Bangalore Hyderabad summit 2025': Exception occurred in previous call.
2026-08-24 04:13:25,136 [INFO]   Query 13/50: Organization Design conference 2025
2026-08-24 04:13:25,136 [WARNING]   Search failed for 'Organization Design conference 2025': Exception occurred in previous call.
2026-08-24 04:13:26,636 [INFO]   Query 14/50: Operating model transformation summit 2025
2026-08-24 04:13:26,637 [WARNING]   Search failed for 'Operating model transformation summit 2025': Exception occurred in previous call.
2026-08-24 04:13:28,137 [INFO]   Query 15/50: Enterprise transformation conference 2025
2026-08-24 04:13:28,137 [WARNING]   Search failed for 'Enterprise transformation conference 2025': Exception occurred in previous call.
2026-08-24 04:13:29,637 [INFO]   Query 16/50: Organizational effectiveness leadership forum 2025
2026-08-24 04:13:29,637 [WARNING]   Search failed for 'Organizational effectiveness leadership forum 2025': Exception occurred in previous call.
2026-08-24 04:13:31,137 [INFO]   Query 17/50: Change management conference senior leadership 2025
2026-08-24 04:13:31,138 [WARNING]   Search failed for 'Change management conference senior leadership 2025': Exception occurred in previous call.
2026-08-24 04:13:32,638 [INFO]   Query 18/50: OD organizational development conference 2025
2026-08-24 04:13:32,638 [WARNING]   Search failed for 'OD organizational development conference 2025': Exception occurred in previous call.
2026-08-24 04:13:34,138 [INFO]   Query 19/50: Enterprise restructuring transformation summit 2025
2026-08-24 04:13:34,138 [WARNING]   Search failed for 'Enterprise restructuring transformation summit 2025': Exception occurred in previous call.
2026-08-24 04:13:35,638 [INFO]   Query 20/50: Business transformation conference CXO 2025
2026-08-24 04:13:35,639 [WARNING]   Search failed for 'Business transformation conference CXO 2025': Exception occurred in previous call.
2026-08-24 04:13:37,139 [INFO]   Query 21/50: Centre of Excellence setup strategy conference 2025
2026-08-24 04:13:37,139 [WARNING]   Search failed for 'Centre of Excellence setup strategy conference 2025': Exception occurred in previous call.
2026-08-24 04:13:38,639 [INFO]   Query 22/50: Enterprise capability building COE summit 2025
2026-08-24 04:13:38,639 [WARNING]   Search failed for 'Enterprise capability building COE summit 2025': Exception occurred in previous call.
2026-08-24 04:13:40,139 [INFO]   Query 23/50: COE strategy leadership forum 2025
2026-08-24 04:13:40,140 [WARNING]   Search failed for 'COE strategy leadership forum 2025': Exception occurred in previous call.
2026-08-24 04:13:41,640 [INFO]   Query 24/50: Center of Excellence governance conference 2025
2026-08-24 04:13:41,640 [WARNING]   Search failed for 'Center of Excellence governance conference 2025': Exception occurred in previous call.
2026-08-24 04:13:43,140 [INFO]   Query 25/50: Post merger integration conference 2025
2026-08-24 04:13:43,140 [WARNING]   Search failed for 'Post merger integration conference 2025': Exception occurred in previous call.
2026-08-24 04:13:44,640 [INFO]   Query 26/50: M&A integration summit leadership 2025
2026-08-24 04:13:44,641 [WARNING]   Search failed for 'M&A integration summit leadership 2025': Exception occurred in previous call.
2026-08-24 04:13:46,141 [INFO]   Query 27/50: Corporate restructuring conference 2025
2026-08-24 04:13:46,141 [WARNING]   Search failed for 'Corporate restructuring conference 2025': Exception occurred in previous call.
2026-08-24 04:13:47,641 [INFO]   Query 28/50: M&A value creation leadership forum 2025
2026-08-24 04:13:47,641 [WARNING]   Search failed for 'M&A value creation leadership forum 2025': Exception occurred in previous call.
2026-08-24 04:13:49,142 [INFO]   Query 29/50: Post acquisition integration strategy conference 2025
2026-08-24 04:13:49,142 [WARNING]   Search failed for 'Post acquisition integration strategy conference 2025': Exception occurred in previous call.
2026-08-24 04:13:50,642 [INFO]   Query 30/50: Enterprise integration management summit 2025
2026-08-24 04:13:50,642 [WARNING]   Search failed for 'Enterprise integration management summit 2025': Exception occurred in previous call.
2026-08-24 04:13:52,142 [INFO]   Query 31/50: RPO recruitment process outsourcing summit 2025
2026-08-24 04:13:52,142 [WARNING]   Search failed for 'RPO recruitment process outsourcing summit 2025': Exception occurred in previous call.
2026-08-24 04:13:53,643 [INFO]   Query 32/50: Talent acquisition leadership forum 2025
2026-08-24 04:13:53,643 [WARNING]   Search failed for 'Talent acquisition leadership forum 2025': Exception occurred in previous call.
2026-08-24 04:13:55,143 [INFO]   Query 33/50: Recruitment as a Service conference 2025
2026-08-24 04:13:55,143 [WARNING]   Search failed for 'Recruitment as a Service conference 2025': Exception occurred in previous call.
2026-08-24 04:13:56,643 [INFO]   Query 34/50: HR talent strategy conference 2025
2026-08-24 04:13:56,644 [WARNING]   Search failed for 'HR talent strategy conference 2025': Exception occurred in previous call.
2026-08-24 04:13:58,144 [INFO]   Query 35/50: Workforce planning leadership summit 2025
2026-08-24 04:13:58,144 [WARNING]   Search failed for 'Workforce planning leadership summit 2025': Exception occurred in previous call.
2026-08-24 04:13:59,644 [INFO]   Query 36/50: Executive coaching conference ICF 2025
2026-08-24 04:13:59,644 [WARNING]   Search failed for 'Executive coaching conference ICF 2025': Exception occurred in previous call.
2026-08-24 04:14:01,144 [INFO]   Query 37/50: Board advisory leadership summit 2025
2026-08-24 04:14:01,145 [WARNING]   Search failed for 'Board advisory leadership summit 2025': Exception occurred in previous call.
2026-08-24 04:14:02,645 [INFO]   Query 38/50: C-suite CXO strategy leadership forum 2025
2026-08-24 04:14:02,645 [WARNING]   Search failed for 'C-suite CXO strategy leadership forum 2025': Exception occurred in previous call.
2026-08-24 04:14:04,145 [INFO]   Query 39/50: Senior executive leadership development summit 2025
2026-08-24 04:14:04,145 [WARNING]   Search failed for 'Senior executive leadership development summit 2025': Exception occurred in previous call.
2026-08-24 04:14:05,645 [INFO]   Query 40/50: Board governance directors conference 2025
2026-08-24 04:14:05,646 [WARNING]   Search failed for 'Board governance directors conference 2025': Exception occurred in previous call.
2026-08-24 04:14:07,146 [INFO]   Query 41/50: Executive leadership coaching forum 2025
2026-08-24 04:14:07,146 [WARNING]   Search failed for 'Executive leadership coaching forum 2025': Exception occurred in previous call.
2026-08-24 04:14:08,646 [INFO]   Query 42/50: Everest Group analyst summit outsourcing 2025
2026-08-24 04:14:08,646 [WARNING]   Search failed for 'Everest Group analyst summit outsourcing 2025': Exception occurred in previous call.
2026-08-24 04:14:10,146 [INFO]   Query 43/50: ISG outsourcing summit 2025
2026-08-24 04:14:10,147 [WARNING]   Search failed for 'ISG outsourcing summit 2025': Exception occurred in previous call.
2026-08-24 04:14:11,647 [INFO]   Query 44/50: Deloitte consulting leadership summit 2025
2026-08-24 04:14:11,647 [WARNING]   Search failed for 'Deloitte consulting leadership summit 2025': Exception occurred in previous call.
2026-08-24 04:14:13,147 [INFO]   Query 45/50: EY strategy transformation conference 2025
2026-08-24 04:14:13,147 [WARNING]   Search failed for 'EY strategy transformation conference 2025': Exception occurred in previous call.
2026-08-24 04:14:14,647 [INFO]   Query 46/50: CII industry leadership summit India 2025
2026-08-24 04:14:14,648 [WARNING]   Search failed for 'CII industry leadership summit India 2025': Exception occurred in previous call.
2026-08-24 04:14:16,148 [INFO]   Query 47/50: SHRM HR leadership conference 2025
2026-08-24 04:14:16,148 [WARNING]   Search failed for 'SHRM HR leadership conference 2025': Exception occurred in previous call.
2026-08-24 04:14:17,648 [INFO]   Query 48/50: People Matters HR summit 2025
2026-08-24 04:14:17,648 [WARNING]   Search failed for 'People Matters HR summit 2025': Exception occurred in previous call.
2026-08-24 04:14:19,148 [INFO]   Query 49/50: ETHRWorld HR transformation summit 2025
2026-08-24 04:14:19,149 [WARNING]   Search failed for 'ETHRWorld HR transformation summit 2025': Exception occurred in previous call.
2026-08-24 04:14:20,649 [INFO]   Query 50/50: CHRO chief HR officer leadership forum 2025
2026-08-24 04:14:20,649 [WARNING]   Search failed for 'CHRO chief HR officer leadership forum 2025': Exception occurred in previous call.
2026-08-24 04:14:22,149 [INFO] PHASE 1 complete — 0 unique URLs collected.
2026-08-24 04:14:22,149 [INFO] PHASE 2 — Extracting event details from 0 pages …
2026-08-24 04:14:22,150 [INFO] PHASE 2 complete — 0 events scored ≥6.
2026-08-24 04:14:22,150 [INFO] PHASE 3 — Updating Excel: HARTS_Events.xlsx
2026-08-24 04:14:22,153 [INFO]   Loaded existing file (0 rows).
2026-08-24 04:14:22,157 [INFO] PHASE 3 complete — 0 new events added.
2026-08-24 04:14:22,157 [INFO] PHASE 4 — M365 reminders are currently disabled.
2026-08-24 04:14:22,157 [INFO] 
============================================================
  HARTS Event Scout — Run Summary
  Date       : 24 August 2026
  New events : 0
  Errors     : 0
============================================================

2026-08-31 09:59:21,409 [INFO] ============================================================
2026-08-31 09:59:21,409 [INFO] HARTS Event Scout starting — 2026-08-31
2026-08-31 09:59:21,409 [INFO] ============================================================
2026-08-31 09:59:21,409 [INFO] PHASE 1 — Discovering URLs across 50 queries …
2026-08-31 09:59:21,409 [WARNING] Impersonate 'chrome_101' does not exist, using 'random'
2026-08-31 09:59:21,413 [INFO]   Query 01/50: GCC Global Capability Center conference 2025 India
2026-08-31 09:59:21,566 [INFO] response: https://duckduckgo.com/ 200
2026-08-31 09:59:21,794 [INFO] response: https://links.duckduckgo.com/d.js?q=GCC+Global+Capability+Center+conference+2025+India&kl=wt-wt&l=wt-wt&p=&s=0&df=&vqd=4-273960152368613819501508045758067356839&bing_market=wt-WT&ex=-1 202
2026-08-31 09:59:21,794 [WARNING]   Search failed for 'GCC Global Capability Center conference 2025 India': https://links.duckduckgo.com/d.js?q=GCC+Global+Capability+Center+conference+2025+India&kl=wt-wt&l=wt-wt&p=&s=0&df=&vqd=4-273960152368613819501508045758067356839&bing_market=wt-WT&ex=-1 202 Ratelimit
2026-08-31 09:59:23,295 [INFO]   Query 02/50: Global Capability Center summit leadership 2025
2026-08-31 09:59:23,295 [WARNING]   Search failed for 'Global Capability Center summit leadership 2025': Exception occurred in previous call.
2026-08-31 09:59:24,795 [INFO]   Query 03/50: NASSCOM GCC summit 2025
2026-08-31 09:59:24,795 [WARNING]   Search failed for 'NASSCOM GCC summit 2025': Exception occurred in previous call.
2026-08-31 09:59:26,296 [INFO]   Query 04/50: Shared Services conference summit 2025
2026-08-31 09:59:26,296 [WARNING]   Search failed for 'Shared Services conference summit 2025': Exception occurred in previous call.
2026-08-31 09:59:27,796 [INFO]   Query 05/50: SSON Shared Services excellence conference 2025
2026-08-31 09:59:27,796 [WARNING]   Search failed for 'SSON Shared Services excellence conference 2025': Exception occurred in previous call.
2026-08-31 09:59:29,296 [INFO]   Query 06/50: Global Business Services GBS summit 2025
2026-08-31 09:59:29,297 [WARNING]   Search failed for 'Global Business Services GBS summit 2025': Exception occurred in previous call.
2026-08-31 09:59:30,797 [INFO]   Query 07/50: GCC operating model strategy forum 2025
2026-08-31 09:59:30,797 [WARNING]   Search failed for 'GCC operating model strategy forum 2025': Exception occurred in previous call.
2026-08-31 09:59:32,297 [INFO]   Query 08/50: Global In-house Center conference India 2025
2026-08-31 09:59:32,297 [WARNING]   Search failed for 'Global In-house Center conference India 2025': Exception occurred in previous call.
2026-08-31 09:59:33,798 [INFO]   Query 09/50: GCC scaling leadership forum Asia 2025
2026-08-31 09:59:33,798 [WARNING]   Search failed for 'GCC scaling leadership forum Asia 2025': Exception occurred in previous call.
2026-08-31 09:59:35,298 [INFO]   Query 10/50: Shared Services transformation conference 2025
2026-08-31 09:59:35,298 [WARNING]   Search failed for 'Shared Services transformation conference 2025': Exception occurred in previous call.
2026-08-31 09:59:36,798 [INFO]   Query 11/50: GBS delivery model conference 2025
2026-08-31 09:59:36,799 [WARNING]   Search failed for 'GBS delivery model conference 2025': Exception occurred in previous call.
2026-08-31 09:59:38,299 [INFO]   Query 12/50: GCC India Bangalore Hyderabad summit 2025
2026-08-31 09:59:38,299 [WARNING]   Search failed for 'GCC India Bangalore Hyderabad summit 2025': Exception occurred in previous call.
2026-08-31 09:59:39,800 [INFO]   Query 13/50: Organization Design conference 2025
2026-08-31 09:59:39,800 [WARNING]   Search failed for 'Organization Design conference 2025': Exception occurred in previous call.
2026-08-31 09:59:41,300 [INFO]   Query 14/50: Operating model transformation summit 2025
2026-08-31 09:59:41,300 [WARNING]   Search failed for 'Operating model transformation summit 2025': Exception occurred in previous call.
2026-08-31 09:59:42,800 [INFO]   Query 15/50: Enterprise transformation conference 2025
2026-08-31 09:59:42,800 [WARNING]   Search failed for 'Enterprise transformation conference 2025': Exception occurred in previous call.
2026-08-31 09:59:44,301 [INFO]   Query 16/50: Organizational effectiveness leadership forum 2025
2026-08-31 09:59:44,301 [WARNING]   Search failed for 'Organizational effectiveness leadership forum 2025': Exception occurred in previous call.
2026-08-31 09:59:45,801 [INFO]   Query 17/50: Change management conference senior leadership 2025
2026-08-31 09:59:45,801 [WARNING]   Search failed for 'Change management conference senior leadership 2025': Exception occurred in previous call.
2026-08-31 09:59:47,301 [INFO]   Query 18/50: OD organizational development conference 2025
2026-08-31 09:59:47,302 [WARNING]   Search failed for 'OD organizational development conference 2025': Exception occurred in previous call.
2026-08-31 09:59:48,802 [INFO]   Query 19/50: Enterprise restructuring transformation summit 2025
2026-08-31 09:59:48,802 [WARNING]   Search failed for 'Enterprise restructuring transformation summit 2025': Exception occurred in previous call.
2026-08-31 09:59:50,302 [INFO]   Query 20/50: Business transformation conference CXO 2025
2026-08-31 09:59:50,303 [WARNING]   Search failed for 'Business transformation conference CXO 2025': Exception occurred in previous call.
2026-08-31 09:59:51,803 [INFO]   Query 21/50: Centre of Excellence setup strategy conference 2025
2026-08-31 09:59:51,803 [WARNING]   Search failed for 'Centre of Excellence setup strategy conference 2025': Exception occurred in previous call.
2026-08-31 09:59:53,303 [INFO]   Query 22/50: Enterprise capability building COE summit 2025
2026-08-31 09:59:53,303 [WARNING]   Search failed for 'Enterprise capability building COE summit 2025': Exception occurred in previous call.
2026-08-31 09:59:54,803 [INFO]   Query 23/50: COE strategy leadership forum 2025
2026-08-31 09:59:54,804 [WARNING]   Search failed for 'COE strategy leadership forum 2025': Exception occurred in previous call.
2026-08-31 09:59:56,304 [INFO]   Query 24/50: Center of Excellence governance conference 2025
2026-08-31 09:59:56,304 [WARNING]   Search failed for 'Center of Excellence governance conference 2025': Exception occurred in previous call.
2026-08-31 09:59:57,804 [INFO]   Query 25/50: Post merger integration conference 2025
2026-08-31 09:59:57,805 [WARNING]   Search failed for 'Post merger integration conference 2025': Exception occurred in previous call.
2026-08-31 09:59:59,305 [INFO]   Query 26/50: M&A integration summit leadership 2025
2026-08-31 09:59:59,305 [WARNING]   Search failed for 'M&A integration summit leadership 2025': Exception occurred in previous call.
2026-08-31 10:00:00,805 [INFO]   Query 27/50: Corporate restructuring conference 2025
2026-08-31 10:00:00,805 [WARNING]   Search failed for 'Corporate restructuring conference 2025': Exception occurred in previous call.
2026-08-31 10:00:02,306 [INFO]   Query 28/50: M&A value creation leadership forum 2025
2026-08-31 10:00:02,306 [WARNING]   Search failed for 'M&A value creation leadership forum 2025': Exception occurred in previous call.
2026-08-31 10:00:03,806 [INFO]   Query 29/50: Post acquisition integration strategy conference 2025
2026-08-31 10:00:03,806 [WARNING]   Search failed for 'Post acquisition integration strategy conference 2025': Exception occurred in previous call.
2026-08-31 10:00:05,307 [INFO]   Query 30/50: Enterprise integration management summit 2025
2026-08-31 10:00:05,307 [WARNING]   Search failed for 'Enterprise integration management summit 2025': Exception occurred in previous call.
2026-08-31 10:00:06,807 [INFO]   Query 31/50: RPO recruitment process outsourcing summit 2025
2026-08-31 10:00:06,807 [WARNING]   Search failed for 'RPO recruitment process outsourcing summit 2025': Exception occurred in previous call.
2026-08-31 10:00:08,307 [INFO]   Query 32/50: Talent acquisition leadership forum 2025
2026-08-31 10:00:08,308 [WARNING]   Search failed for 'Talent acquisition leadership forum 2025': Exception occurred in previous call.
2026-08-31 10:00:09,808 [INFO]   Query 33/50: Recruitment as a Service conference 2025
2026-08-31 10:00:09,808 [WARNING]   Search failed for 'Recruitment as a Service conference 2025': Exception occurred in previous call.
2026-08-31 10:00:11,308 [INFO]   Query 34/50: HR talent strategy conference 2025
2026-08-31 10:00:11,308 [WARNING]   Search failed for 'HR talent strategy conference 2025': Exception occurred in previous call.
2026-08-31 10:00:12,809 [INFO]   Query 35/50: Workforce planning leadership summit 2025
2026-08-31 10:00:12,809 [WARNING]   Search failed for 'Workforce planning leadership summit 2025': Exception occurred in previous call.
2026-08-31 10:00:14,309 [INFO]   Query 36/50: Executive coaching conference ICF 2025
2026-08-31 10:00:14,309 [WARNING]   Search failed for 'Executive coaching conference ICF 2025': Exception occurred in previous call.
2026-08-31 10:00:15,809 [INFO]   Query 37/50: Board advisory leadership summit 2025
2026-08-31 10:00:15,810 [WARNING]   Search failed for 'Board advisory leadership summit 2025': Exception occurred in previous call.
2026-08-31 10:00:17,310 [INFO]   Query 38/50: C-suite CXO strategy leadership forum 2025
2026-08-31 10:00:17,310 [WARNING]   Search failed for 'C-suite CXO strategy leadership forum 2025': Exception occurred in previous call.
2026-08-31 10:00:18,810 [INFO]   Query 39/50: Senior executive leadership development summit 2025
2026-08-31 10:00:18,810 [WARNING]   Search failed for 'Senior executive leadership development summit 2025': Exception occurred in previous call.
2026-08-31 10:00:20,311 [INFO]   Query 40/50: Board governance directors conference 2025
2026-08-31 10:00:20,311 [WARNING]   Search failed for 'Board governance directors conference 2025': Exception occurred in previous call.
2026-08-31 10:00:21,811 [INFO]   Query 41/50: Executive leadership coaching forum 2025
2026-08-31 10:00:21,811 [WARNING]   Search failed for 'Executive leadership coaching forum 2025': Exception occurred in previous call.
2026-08-31 10:00:23,311 [INFO]   Query 42/50: Everest Group analyst summit outsourcing 2025
2026-08-31 10:00:23,312 [WARNING]   Search failed for 'Everest Group analyst summit outsourcing 2025': Exception occurred in previous call.
2026-08-31 10:00:24,812 [INFO]   Query 43/50: ISG outsourcing summit 2025
2026-08-31 10:00:24,812 [WARNING]   Search failed for 'ISG outsourcing summit 2025': Exception occurred in previous call.
2026-08-31 10:00:26,312 [INFO]   Query 44/50: Deloitte consulting leadership summit 2025
2026-08-31 10:00:26,313 [WARNING]   Search failed for 'Deloitte consulting leadership summit 2025': Exception occurred in previous call.
2026-08-31 10:00:27,813 [INFO]   Query 45/50: EY strategy transformation conference 2025
2026-08-31 10:00:27,813 [WARNING]   Search failed for 'EY strategy transformation conference 2025': Exception occurred in previous call.
2026-08-31 10:00:29,313 [INFO]   Query 46/50: CII industry leadership summit India 2025
2026-08-31 10:00:29,313 [WARNING]   Search failed for 'CII industry leadership summit India 2025': Exception occurred in previous call.
2026-08-31 10:00:30,814 [INFO]   Query 47/50: SHRM HR leadership conference 2025
2026-08-31 10:00:30,814 [WARNING]   Search failed for 'SHRM HR leadership conference 2025': Exception occurred in previous call.
2026-08-31 10:00:32,314 [INFO]   Query 48/50: People Matters HR summit 2025
2026-08-31 10:00:32,314 [WARNING]   Search failed for 'People Matters HR summit 2025': Exception occurred in previous call.
2026-08-31 10:00:33,814 [INFO]   Query 49/50: ETHRWorld HR transformation summit 2025
2026-08-31 10:00:33,815 [WARNING]   Search failed for 'ETHRWorld HR transformation summit 2025': Exception occurred in previous call.
2026-08-31 10:00:35,315 [INFO]   Query 50/50: CHRO chief HR officer leadership forum 2025
2026-08-31 10:00:35,315 [WARNING]   Search failed for 'CHRO chief HR officer leadership forum 2025': Exception occurred in previous call.
2026-08-31 10:00:36,815 [INFO] PHASE 1 complete — 0 unique URLs collected.
2026-08-31 10:00:36,816 [INFO] PHASE 2 — Extracting event details from 0 pages …
2026-08-31 10:00:36,816 [INFO] PHASE 2 complete — 0 events scored ≥6.
2026-08-31 10:00:36,816 [INFO] PHASE 3 — Updating Excel: HARTS_Events.xlsx
2026-08-31 10:00:36,820 [INFO]   Loaded existing file (0 rows).
2026-08-31 10:00:36,824 [INFO] PHASE 3 complete — 0 new events added.
2026-08-31 10:00:36,824 [INFO] PHASE 4 — M365 reminders are currently disabled.
2026-08-31 10:00:36,824 [INFO] 
============================================================
  HARTS Event Scout — Run Summary
  Date       : 31 August 2026
  New events : 0
  Errors     : 0
============================================================

2026-09-07 08:32:53,132 [INFO] ============================================================
2026-09-07 08:32:53,132 [INFO] HARTS Event Scout starting — 2026-09-07
2026-09-07 08:32:53,132 [INFO] ============================================================
2026-09-07 08:32:53,132 [INFO] PHASE 1 — Discovering URLs across 50 queries …
2026-09-07 08:32:53,133 [WARNING] Impersonate 'chrome_108' does not exist, using 'random'
2026-09-07 08:32:53,138 [INFO]   Query 01/50: GCC Global Capability Center conference 2025 India
2026-09-07 08:32:53,398 [INFO] response: https://duckduckgo.com/ 200
2026-09-07 08:32:53,493 [INFO] response: https://links.duckduckgo.com/d.js?q=GCC+Global+Capability+Center+conference+2025+India&kl=wt-wt&l=wt-wt&p=&s=0&df=&vqd=4-273913856501032180796752731903201155383&bing_market=wt-WT&ex=-1 202
2026-09-07 08:32:53,494 [WARNING]   Search failed for 'GCC Global Capability Center conference 2025 India': https://links.duckduckgo.com/d.js?q=GCC+Global+Capability+Center+conference+2025+India&kl=wt-wt&l=wt-wt&p=&s=0&df=&vqd=4-273913856501032180796752731903201155383&bing_market=wt-WT&ex=-1 202 Ratelimit
2026-09-07 08:32:54,994 [INFO]   Query 02/50: Global Capability Center summit leadership 2025
2026-09-07 08:32:54,994 [WARNING]   Search failed for 'Global Capability Center summit leadership 2025': Exception occurred in previous call.
2026-09-07 08:32:56,494 [INFO]   Query 03/50: NASSCOM GCC summit 2025
2026-09-07 08:32:56,495 [WARNING]   Search failed for 'NASSCOM GCC summit 2025': Exception occurred in previous call.
2026-09-07 08:32:57,995 [INFO]   Query 04/50: Shared Services conference summit 2025
2026-09-07 08:32:57,995 [WARNING]   Search failed for 'Shared Services conference summit 2025': Exception occurred in previous call.
2026-09-07 08:32:59,495 [INFO]   Query 05/50: SSON Shared Services excellence conference 2025
2026-09-07 08:32:59,495 [WARNING]   Search failed for 'SSON Shared Services excellence conference 2025': Exception occurred in previous call.
2026-09-07 08:33:00,995 [INFO]   Query 06/50: Global Business Services GBS summit 2025
2026-09-07 08:33:00,996 [WARNING]   Search failed for 'Global Business Services GBS summit 2025': Exception occurred in previous call.
2026-09-07 08:33:02,496 [INFO]   Query 07/50: GCC operating model strategy forum 2025
2026-09-07 08:33:02,496 [WARNING]   Search failed for 'GCC operating model strategy forum 2025': Exception occurred in previous call.
2026-09-07 08:33:03,996 [INFO]   Query 08/50: Global In-house Center conference India 2025
2026-09-07 08:33:03,996 [WARNING]   Search failed for 'Global In-house Center conference India 2025': Exception occurred in previous call.
2026-09-07 08:33:05,497 [INFO]   Query 09/50: GCC scaling leadership forum Asia 2025
2026-09-07 08:33:05,497 [WARNING]   Search failed for 'GCC scaling leadership forum Asia 2025': Exception occurred in previous call.
2026-09-07 08:33:06,997 [INFO]   Query 10/50: Shared Services transformation conference 2025
2026-09-07 08:33:06,997 [WARNING]   Search failed for 'Shared Services transformation conference 2025': Exception occurred in previous call.
2026-09-07 08:33:08,497 [INFO]   Query 11/50: GBS delivery model conference 2025
2026-09-07 08:33:08,497 [WARNING]   Search failed for 'GBS delivery model conference 2025': Exception occurred in previous call.
2026-09-07 08:33:09,998 [INFO]   Query 12/50: GCC India Bangalore Hyderabad summit 2025
2026-09-07 08:33:09,998 [WARNING]   Search failed for 'GCC India Bangalore Hyderabad summit 2025': Exception occurred in previous call.
2026-09-07 08:33:11,498 [INFO]   Query 13/50: Organization Design conference 2025
2026-09-07 08:33:11,498 [WARNING]   Search failed for 'Organization Design conference 2025': Exception occurred in previous call.
2026-09-07 08:33:12,998 [INFO]   Query 14/50: Operating model transformation summit 2025
2026-09-07 08:33:12,999 [WARNING]   Search failed for 'Operating model transformation summit 2025': Exception occurred in previous call.
2026-09-07 08:33:14,499 [INFO]   Query 15/50: Enterprise transformation conference 2025
2026-09-07 08:33:14,499 [WARNING]   Search failed for 'Enterprise transformation conference 2025': Exception occurred in previous call.
2026-09-07 08:33:15,999 [INFO]   Query 16/50: Organizational effectiveness leadership forum 2025
2026-09-07 08:33:15,999 [WARNING]   Search failed for 'Organizational effectiveness leadership forum 2025': Exception occurred in previous call.
2026-09-07 08:33:17,499 [INFO]   Query 17/50: Change management conference senior leadership 2025
2026-09-07 08:33:17,500 [WARNING]   Search failed for 'Change management conference senior leadership 2025': Exception occurred in previous call.
2026-09-07 08:33:19,000 [INFO]   Query 18/50: OD organizational development conference 2025
2026-09-07 08:33:19,000 [WARNING]   Search failed for 'OD organizational development conference 2025': Exception occurred in previous call.
2026-09-07 08:33:20,500 [INFO]   Query 19/50: Enterprise restructuring transformation summit 2025
2026-09-07 08:33:20,501 [WARNING]   Search failed for 'Enterprise restructuring transformation summit 2025': Exception occurred in previous call.
2026-09-07 08:33:22,001 [INFO]   Query 20/50: Business transformation conference CXO 2025
2026-09-07 08:33:22,001 [WARNING]   Search failed for 'Business transformation conference CXO 2025': Exception occurred in previous call.
2026-09-07 08:33:23,501 [INFO]   Query 21/50: Centre of Excellence setup strategy conference 2025
2026-09-07 08:33:23,501 [WARNING]   Search failed for 'Centre of Excellence setup strategy conference 2025': Exception occurred in previous call.
2026-09-07 08:33:25,002 [INFO]   Query 22/50: Enterprise capability building COE summit 2025
2026-09-07 08:33:25,002 [WARNING]   Search failed for 'Enterprise capability building COE summit 2025': Exception occurred in previous call.
2026-09-07 08:33:26,502 [INFO]   Query 23/50: COE strategy leadership forum 2025
2026-09-07 08:33:26,502 [WARNING]   Search failed for 'COE strategy leadership forum 2025': Exception occurred in previous call.
2026-09-07 08:33:28,002 [INFO]   Query 24/50: Center of Excellence governance conference 2025
2026-09-07 08:33:28,003 [WARNING]   Search failed for 'Center of Excellence governance conference 2025': Exception occurred in previous call.
2026-09-07 08:33:29,503 [INFO]   Query 25/50: Post merger integration conference 2025
2026-09-07 08:33:29,503 [WARNING]   Search failed for 'Post merger integration conference 2025': Exception occurred in previous call.
2026-09-07 08:33:31,003 [INFO]   Query 26/50: M&A integration summit leadership 2025
2026-09-07 08:33:31,003 [WARNING]   Search failed for 'M&A integration summit leadership 2025': Exception occurred in previous call.
2026-09-07 08:33:32,503 [INFO]   Query 27/50: Corporate restructuring conference 2025
2026-09-07 08:33:32,504 [WARNING]   Search failed for 'Corporate restructuring conference 2025': Exception occurred in previous call.
2026-09-07 08:33:34,004 [INFO]   Query 28/50: M&A value creation leadership forum 2025
2026-09-07 08:33:34,004 [WARNING]   Search failed for 'M&A value creation leadership forum 2025': Exception occurred in previous call.
2026-09-07 08:33:35,504 [INFO]   Query 29/50: Post acquisition integration strategy conference 2025
2026-09-07 08:33:35,504 [WARNING]   Search failed for 'Post acquisition integration strategy conference 2025': Exception occurred in previous call.
2026-09-07 08:33:37,004 [INFO]   Query 30/50: Enterprise integration management summit 2025
2026-09-07 08:33:37,005 [WARNING]   Search failed for 'Enterprise integration management summit 2025': Exception occurred in previous call.
2026-09-07 08:33:38,505 [INFO]   Query 31/50: RPO recruitment process outsourcing summit 2025
2026-09-07 08:33:38,505 [WARNING]   Search failed for 'RPO recruitment process outsourcing summit 2025': Exception occurred in previous call.
2026-09-07 08:33:40,005 [INFO]   Query 32/50: Talent acquisition leadership forum 2025
2026-09-07 08:33:40,005 [WARNING]   Search failed for 'Talent acquisition leadership forum 2025': Exception occurred in previous call.
2026-09-07 08:33:41,505 [INFO]   Query 33/50: Recruitment as a Service conference 2025
2026-09-07 08:33:41,506 [WARNING]   Search failed for 'Recruitment as a Service conference 2025': Exception occurred in previous call.
2026-09-07 08:33:43,006 [INFO]   Query 34/50: HR talent strategy conference 2025
2026-09-07 08:33:43,006 [WARNING]   Search failed for 'HR talent strategy conference 2025': Exception occurred in previous call.
2026-09-07 08:33:44,506 [INFO]   Query 35/50: Workforce planning leadership summit 2025
2026-09-07 08:33:44,506 [WARNING]   Search failed for 'Workforce planning leadership summit 2025': Exception occurred in previous call.
2026-09-07 08:33:46,007 [INFO]   Query 36/50: Executive coaching conference ICF 2025
2026-09-07 08:33:46,007 [WARNING]   Search failed for 'Executive coaching conference ICF 2025': Exception occurred in previous call.
2026-09-07 08:33:47,507 [INFO]   Query 37/50: Board advisory leadership summit 2025
2026-09-07 08:33:47,507 [WARNING]   Search failed for 'Board advisory leadership summit 2025': Exception occurred in previous call.
2026-09-07 08:33:49,007 [INFO]   Query 38/50: C-suite CXO strategy leadership forum 2025
2026-09-07 08:33:49,007 [WARNING]   Search failed for 'C-suite CXO strategy leadership forum 2025': Exception occurred in previous call.
2026-09-07 08:33:50,508 [INFO]   Query 39/50: Senior executive leadership development summit 2025
2026-09-07 08:33:50,508 [WARNING]   Search failed for 'Senior executive leadership development summit 2025': Exception occurred in previous call.
2026-09-07 08:33:52,008 [INFO]   Query 40/50: Board governance directors conference 2025
2026-09-07 08:33:52,008 [WARNING]   Search failed for 'Board governance directors conference 2025': Exception occurred in previous call.
2026-09-07 08:33:53,508 [INFO]   Query 41/50: Executive leadership coaching forum 2025
2026-09-07 08:33:53,508 [WARNING]   Search failed for 'Executive leadership coaching forum 2025': Exception occurred in previous call.
2026-09-07 08:33:55,009 [INFO]   Query 42/50: Everest Group analyst summit outsourcing 2025
2026-09-07 08:33:55,009 [WARNING]   Search failed for 'Everest Group analyst summit outsourcing 2025': Exception occurred in previous call.
2026-09-07 08:33:56,510 [INFO]   Query 43/50: ISG outsourcing summit 2025
2026-09-07 08:33:56,510 [WARNING]   Search failed for 'ISG outsourcing summit 2025': Exception occurred in previous call.
2026-09-07 08:33:58,010 [INFO]   Query 44/50: Deloitte consulting leadership summit 2025
2026-09-07 08:33:58,010 [WARNING]   Search failed for 'Deloitte consulting leadership summit 2025': Exception occurred in previous call.
2026-09-07 08:33:59,510 [INFO]   Query 45/50: EY strategy transformation conference 2025
2026-09-07 08:33:59,511 [WARNING]   Search failed for 'EY strategy transformation conference 2025': Exception occurred in previous call.
2026-09-07 08:34:01,011 [INFO]   Query 46/50: CII industry leadership summit India 2025
2026-09-07 08:34:01,011 [WARNING]   Search failed for 'CII industry leadership summit India 2025': Exception occurred in previous call.
2026-09-07 08:34:02,511 [INFO]   Query 47/50: SHRM HR leadership conference 2025
2026-09-07 08:34:02,511 [WARNING]   Search failed for 'SHRM HR leadership conference 2025': Exception occurred in previous call.
2026-09-07 08:34:04,011 [INFO]   Query 48/50: People Matters HR summit 2025
2026-09-07 08:34:04,012 [WARNING]   Search failed for 'People Matters HR summit 2025': Exception occurred in previous call.
2026-09-07 08:34:05,512 [INFO]   Query 49/50: ETHRWorld HR transformation summit 2025
2026-09-07 08:34:05,512 [WARNING]   Search failed for 'ETHRWorld HR transformation summit 2025': Exception occurred in previous call.
2026-09-07 08:34:07,012 [INFO]   Query 50/50: CHRO chief HR officer leadership forum 2025
2026-09-07 08:34:07,012 [WARNING]   Search failed for 'CHRO chief HR officer leadership forum 2025': Exception occurred in previous call.
2026-09-07 08:34:08,513 [INFO] PHASE 1 complete — 0 unique URLs collected.
2026-09-07 08:34:08,513 [INFO] PHASE 2 — Extracting event details from 0 pages …
2026-09-07 08:34:08,513 [INFO] PHASE 2 complete — 0 events scored ≥6.
2026-09-07 08:34:08,513 [INFO] PHASE 3 — Updating Excel: HARTS_Events.xlsx
2026-09-07 08:34:08,518 [INFO]   Loaded existing file (0 rows).
2026-09-07 08:34:08,522 [INFO] PHASE 3 complete — 0 new events added.
2026-09-07 08:34:08,523 [INFO] PHASE 4 — M365 reminders are currently disabled.
2026-09-07 08:34:08,523 [INFO] 
============================================================
  HARTS Event Scout — Run Summary
  Date       : 07 September 2026
  New events : 0
  Errors     : 0
============================================================

